1801,57029900363,P,35500,Jeremy Milda                       ,Rosvold                            ,N,N,N,J,N,KUNDER OVER 18 ÅR MED D-NUMMER     ,N,N,N,N,N,N,N,N,N,N,N
1801,61057206178,P,78110,Senad Sandra                       ,Skogheim                           ,N,N,N,N,N,KUNDER OVER 18 ÅR MED D-NUMMER     ,N,N,N,N,N,N,N,N,N,N,N
1801,52037200557,P,11110,Denis Veronica                     ,Haakonsen                          ,N,N,N,J,N,KUNDER OVER 18 ÅR MED D-NUMMER     ,N,N,N,N,N,N,N,N,N,N,N
1801,43028108142,P,35900,Ragnfrid Jari                      ,Engebakken                         ,N,N,N,J,N,KUNDER OVER 18 ÅR MED D-NUMMER     ,N,N,N,N,N,N,N,N,N,N,N
1801,61100378301,P,67248,Ramune Jorulf                      ,Schau                              ,N,N,N,J,N,KUNDER OVER 18 ÅR MED D-NUMMER     ,N,N,N,N,N,N,N,N,N,N,N
1801,64096202952,P,35900,Sigfred Karin                      ,Indahl                             ,N,N,N,J,N,KUNDER OVER 18 ÅR MED D-NUMMER     ,N,N,N,N,N,N,N,N,N,N,N
1801,44019304806,P,56110,Youssef Margrete                   ,Korsvik                            ,N,N,N,J,N,KUNDER OVER 18 ÅR MED D-NUMMER     ,N,N,N,N,N,N,N,N,N,N,N
1801,42020056775,P,36400,Heiko Gro-Anita                    ,Rovik                              ,N,N,N,J,N,KUNDER OVER 18 ÅR MED D-NUMMER     ,N,N,N,N,N,N,N,N,N,N,N
1801,65090102154,P,11110,Naomi Trond                        ,Holmen                             ,N,N,N,J,N,KUNDER OVER 18 ÅR MED D-NUMMER     ,N,N,N,N,N,N,N,N,N,N,N
1801,52125651097,P,36800,Andres Kimberly                    ,Wagner                             ,N,N,N,J,N,KUNDER OVER 18 ÅR MED D-NUMMER     ,N,N,N,N,N,N,N,N,N,N,N
1801,55067756303,P,36300,Iryna Sivert                       ,Kleppa                             ,N,N,N,J,N,KUNDER OVER 18 ÅR MED D-NUMMER     ,N,N,N,N,N,N,N,N,N,N,N
1801,55036401957,P,21110,Ole-Jacob Franziska                ,Syed                               ,N,N,N,J,N,KUNDER OVER 18 ÅR MED D-NUMMER     ,N,N,N,N,N,N,N,N,N,N,N
1801,59068855262,P,19110,Asmund Betsy                       ,Albrigtsen                         ,N,N,N,J,N,KUNDER OVER 18 ÅR MED D-NUMMER     ,N,N,N,N,N,N,N,N,N,N,N
1801,57066202242,P,11110,Geir Ingegjerd                     ,Indahl                             ,N,N,N,J,N,KUNDER OVER 18 ÅR MED D-NUMMER     ,N,N,N,N,N,N,N,N,N,N,N
1801,67129508776,P,21110,Herman Annlaug                     ,Brøndbo                            ,N,N,N,J,N,KUNDER OVER 18 ÅR MED D-NUMMER     ,N,N,N,N,N,N,N,N,N,N,N
1801,43127503320,P,35900,Mateusz Ulla                       ,Helgerud                           ,N,N,N,J,N,KUNDER OVER 18 ÅR MED D-NUMMER     ,N,N,N,N,N,N,N,N,N,N,N
1801,44019208998,P,35900,Simona Marcelo                     ,Killi                              ,N,N,N,J,N,KUNDER OVER 18 ÅR MED D-NUMMER     ,N,N,N,N,N,N,N,N,N,N,N
1801,66049101040,P,35000,Knud Patrycja                      ,Egenes                             ,N,N,N,J,N,KUNDER OVER 18 ÅR MED D-NUMMER     ,N,N,N,N,N,N,N,N,N,N,N
1801,56106651162,P,35900,Juozas Wigdis                      ,Gregersen                          ,N,N,N,J,N,KUNDER OVER 18 ÅR MED D-NUMMER     ,N,N,N,N,N,N,N,N,N,N,N
1801,60118158582,P,13110,Solvor Ricardo                     ,Roos                               ,N,N,N,J,N,KUNDER OVER 18 ÅR MED D-NUMMER     ,N,N,N,N,N,N,N,N,N,N,N
1801,44127053550,P,11110,Tristan Iveta                      ,Nøkleby                            ,N,N,N,J,N,KUNDER OVER 18 ÅR MED D-NUMMER     ,N,N,N,N,N,N,N,N,N,N,N
1801,42068903143,P,35900,Ilyas Hilde-Gunn                   ,Kjærland                           ,N,N,N,J,N,KUNDER OVER 18 ÅR MED D-NUMMER     ,N,N,N,N,N,N,N,N,N,N,N
1801,50037206773,P,35900,Magomed Zivile                     ,Sem                                ,N,N,N,J,N,KUNDER OVER 18 ÅR MED D-NUMMER     ,N,N,N,N,N,N,N,N,N,N,N
1801,45125607970,P,71110,Karsten Bertine                    ,Jenssen                            ,N,N,N,J,N,KUNDER OVER 18 ÅR MED D-NUMMER     ,N,N,N,N,N,N,N,N,N,N,N
1801,47108657371,P,35100,Noor Elvis                         ,Giske                              ,N,N,N,J,N,KUNDER OVER 18 ÅR MED D-NUMMER     ,N,N,N,N,N,N,N,N,N,N,N
1801,61028701496,P,51110,Møyfrid Sivert                     ,Gåsland                            ,N,N,N,J,N,KUNDER OVER 18 ÅR MED D-NUMMER     ,N,N,N,N,N,N,N,N,N,N,N
1801,53098251967,P,35000,Ågot Matias                        ,Øvereng                            ,N,N,N,J,N,KUNDER OVER 18 ÅR MED D-NUMMER     ,N,N,N,N,N,N,N,N,N,N,N
1801,69048700756,P,11110,Emilio Mirja                       ,Slettum                            ,N,N,N,J,N,KUNDER OVER 18 ÅR MED D-NUMMER     ,N,N,N,N,N,N,N,N,N,N,N
1801,58017654762,P,35000,Mildrid Saad                       ,Lunde                              ,N,N,N,J,N,KUNDER OVER 18 ÅR MED D-NUMMER     ,N,N,N,N,N,N,N,N,N,N,N
1801,67098501913,P,35500,Torgny Thorhild                    ,Seljeseth                          ,N,N,N,J,N,KUNDER OVER 18 ÅR MED D-NUMMER     ,N,N,N,N,N,N,N,N,N,N,N
1801,67107857912,P,56110,Isabella Duy                       ,Abukar                             ,N,N,N,J,N,KUNDER OVER 18 ÅR MED D-NUMMER     ,N,N,N,N,N,N,N,N,N,N,N
1801,48116901350,P,35900,Arlene Pawel                       ,Rognlien                           ,N,N,N,J,N,KUNDER OVER 18 ÅR MED D-NUMMER     ,N,N,N,N,N,N,N,N,N,N,N
1801,45047321828,P,11110,Mantas Katinka                     ,Bakkeli                            ,N,N,N,J,N,KUNDER OVER 18 ÅR MED D-NUMMER     ,N,N,N,N,N,N,N,N,N,N,N
1801,47075957765,P,35900,Yassin Judy                        ,Høgås                              ,N,N,N,J,N,KUNDER OVER 18 ÅR MED D-NUMMER     ,N,N,N,N,N,N,N,N,N,N,N
1801,59059204720,P,71110,Emely Abdifatah                    ,Tharaldsen                         ,N,N,N,J,N,KUNDER OVER 18 ÅR MED D-NUMMER     ,N,N,N,N,N,N,N,N,N,N,N
1801,51043055120,P,51110,Gyri Mikko                         ,Morken                             ,N,N,N,J,N,KUNDER OVER 18 ÅR MED D-NUMMER     ,N,N,N,N,N,N,N,N,N,N,N
1801,48086901504,P,11110,Ingebjørg Thom                     ,Alm                                ,N,N,N,J,N,KUNDER OVER 18 ÅR MED D-NUMMER     ,N,N,N,N,N,N,N,N,N,N,N
1801,46049508565,P,16110,Mali Styrk                         ,Kasin                              ,N,N,N,J,N,KUNDER OVER 18 ÅR MED D-NUMMER     ,N,N,N,N,N,N,N,N,N,N,N
1801,67068008775,P,56110,Wally Akram                        ,Hoffmann                           ,N,N,N,J,N,KUNDER OVER 18 ÅR MED D-NUMMER     ,N,N,N,N,N,N,N,N,N,N,N
1801,62100078711,P,51110,Jorge Celina                       ,Monge                              ,N,N,N,J,N,KUNDER OVER 18 ÅR MED D-NUMMER     ,N,N,N,N,N,N,N,N,N,N,N
1801,42087276427,P,51110,Jeremy Agneta                      ,Berthelsen                         ,N,N,N,J,N,KUNDER OVER 18 ÅR MED D-NUMMER     ,N,N,N,N,N,N,N,N,N,N,N
1801,45108111163,P,73110,Jorge Thi                          ,Lindås                             ,N,N,N,J,N,KUNDER OVER 18 ÅR MED D-NUMMER     ,N,N,N,N,N,N,N,N,N,N,N
1801,49119200201,P,11110,Arlene Juozas                      ,Solvoll                            ,N,N,N,J,N,KUNDER OVER 18 ÅR MED D-NUMMER     ,N,N,N,N,N,N,N,N,N,N,N
1801,41055275759,P,35000,Berge Alvilde                      ,Erdal                              ,N,N,N,J,N,KUNDER OVER 18 ÅR MED D-NUMMER     ,N,N,N,N,N,N,N,N,N,N,N
1801,41125803359,P,35000,Tron Lilly                         ,Sjåstad                            ,N,N,N,J,N,KUNDER OVER 18 ÅR MED D-NUMMER     ,N,N,N,N,N,N,N,N,N,N,N
1801,41108952766,P,35900,Lucyna Øyvind                      ,Støen                              ,N,J,N,J,N,KUNDER OVER 18 ÅR MED D-NUMMER     ,N,N,N,N,N,N,N,N,N,N,N
1801,61049607163,P,35500,Irja Ulrik                         ,Roberg                             ,N,N,N,J,N,KUNDER OVER 18 ÅR MED D-NUMMER     ,N,N,N,N,N,N,N,N,N,N,N
1801,65038607191,P,11110,Tony Wenche                        ,Wickstrøm                          ,N,N,N,J,N,KUNDER OVER 18 ÅR MED D-NUMMER     ,N,N,N,N,N,N,N,N,N,N,N
1801,57069603418,P,35900,May-Liss Ahmed                     ,Borgen                             ,N,N,N,J,N,KUNDER OVER 18 ÅR MED D-NUMMER     ,N,N,N,N,N,N,N,N,N,N,N
1801,51109102966,P,35500,Shahzad Katherine                  ,Wetteland                          ,N,N,N,J,N,KUNDER OVER 18 ÅR MED D-NUMMER     ,N,N,N,N,N,N,N,N,N,N,N
1801,65127955187,P,35900,Skjalg Lily                        ,Wagner                             ,N,N,N,J,N,KUNDER OVER 18 ÅR MED D-NUMMER     ,N,N,N,N,N,N,N,N,N,N,N
1801,68069900686,P,35000,Iryna Mieczyslaw                   ,Eggen                              ,N,N,N,J,N,KUNDER OVER 18 ÅR MED D-NUMMER     ,N,N,N,N,N,N,N,N,N,N,N
1801,45117958101,P,37400,Fatima Hans                        ,Mehl                               ,N,N,N,J,N,KUNDER OVER 18 ÅR MED D-NUMMER     ,N,N,N,N,N,N,N,N,N,N,N
1801,41099178939,P,71110,Marry Gaute                        ,Tønsberg                           ,N,N,N,J,N,KUNDER OVER 18 ÅR MED D-NUMMER     ,N,N,N,N,N,N,N,N,N,N,N
1801,50067610919,P,31110,Rodney Wenke                       ,Becker                             ,N,N,N,J,N,KUNDER OVER 18 ÅR MED D-NUMMER     ,N,N,N,N,N,N,N,N,N,N,N
1801,69089003199,P,35000,Amanda Egon                        ,Krohn                              ,N,N,N,J,N,KUNDER OVER 18 ÅR MED D-NUMMER     ,N,N,N,N,N,N,N,N,N,N,N
1801,61067551167,P,35000,Eline Ahmed                        ,Rusten                             ,N,N,N,J,N,KUNDER OVER 18 ÅR MED D-NUMMER     ,N,N,N,N,N,N,N,N,N,N,N
1801,55016206074,P,47110,Vasile My                          ,Rognlien                           ,N,N,N,J,N,KUNDER OVER 18 ÅR MED D-NUMMER     ,N,N,N,N,N,N,N,N,N,N,N
1801,51095458339,P,76110,Jeremy Monicha                     ,Soltvedt                           ,N,J,N,J,N,KUNDER OVER 18 ÅR MED D-NUMMER     ,N,N,N,N,N,N,N,N,N,N,N
1801,41128377571,P,17110,Dumitru Tanya                      ,Bøhler                             ,N,N,N,J,N,KUNDER OVER 18 ÅR MED D-NUMMER     ,N,N,N,N,N,N,N,N,N,N,N
1801,62059501300,P,36400,Siv Kris                           ,Kjærvik                            ,N,N,N,J,N,KUNDER OVER 18 ÅR MED D-NUMMER     ,N,N,N,N,N,N,N,N,N,N,N
1801,62060277619,P,51110,Celia Rachid                       ,Risøy                              ,N,N,N,J,N,KUNDER OVER 18 ÅR MED D-NUMMER     ,N,N,N,N,N,N,N,N,N,N,N
1801,45069401345,P,56110,Dick Mirela                        ,Nowak                              ,N,N,N,J,N,KUNDER OVER 18 ÅR MED D-NUMMER     ,N,N,N,N,N,N,N,N,N,N,N
1801,51019900278,P,51110,Janita Romualdas                   ,Opgård                             ,N,N,N,J,N,KUNDER OVER 18 ÅR MED D-NUMMER     ,N,N,N,N,N,N,N,N,N,N,N
1801,42065751725,P,51110,Barbara Jack                       ,Rognlien                           ,N,N,N,J,N,KUNDER OVER 18 ÅR MED D-NUMMER     ,N,N,N,N,N,N,N,N,N,N,N
1801,41087751560,P,35900,Møyfrid Hai                        ,Stormark                           ,N,N,N,J,N,KUNDER OVER 18 ÅR MED D-NUMMER     ,N,N,N,N,N,N,N,N,N,N,N
1801,52046802888,P,51110,Borger Eileen                      ,Kvinnesland                        ,N,N,N,J,N,KUNDER OVER 18 ÅR MED D-NUMMER     ,N,N,N,N,N,N,N,N,N,N,N
1801,65117401086,P,35900,Ole-Morten Sigri                   ,Fardal                             ,N,N,N,J,N,KUNDER OVER 18 ÅR MED D-NUMMER     ,N,N,N,N,N,N,N,N,N,N,N
1801,65069607947,P,35000,Endre Linh                         ,Djupvik                            ,N,N,N,J,N,KUNDER OVER 18 ÅR MED D-NUMMER     ,N,N,N,N,N,N,N,N,N,N,N
1801,61069255182,P,31110,Dawid Hildur                       ,Schanche                           ,N,N,N,J,N,KUNDER OVER 18 ÅR MED D-NUMMER     ,N,N,N,N,N,N,N,N,N,N,N
1801,60076708781,P,35900,Nicola Marius                      ,Kvaal                              ,N,N,N,J,N,KUNDER OVER 18 ÅR MED D-NUMMER     ,N,N,N,N,N,N,N,N,N,N,N
1801,55107414125,P,35900,Borger Maren                       ,Gregersen                          ,N,N,N,J,N,KUNDER OVER 18 ÅR MED D-NUMMER     ,N,N,N,N,N,N,N,N,N,N,N
1801,64118175326,P,35400,Dyveke Dovydas                     ,Grude                              ,N,N,N,J,N,KUNDER OVER 18 ÅR MED D-NUMMER     ,N,N,N,N,N,N,N,N,N,N,N
1801,49126004973,P,51110,Shukri Mikko                       ,Skarshaug                          ,N,N,N,J,N,KUNDER OVER 18 ÅR MED D-NUMMER     ,N,N,N,N,N,N,N,N,N,N,N
1801,65069155531,P,35500,Jan-Fredrik Viktorija              ,Ekeland                            ,N,N,N,J,N,KUNDER OVER 18 ÅR MED D-NUMMER     ,N,N,N,N,N,N,N,N,N,N,N
1801,41016704979,P,35000,Rukhsana Fabio                     ,Borlaug                            ,N,N,N,J,N,KUNDER OVER 18 ÅR MED D-NUMMER     ,N,N,N,N,N,N,N,N,N,N,N
1801,58079003350,P,47110,Tanya Ricardo                      ,Yndestad                           ,N,N,N,J,N,KUNDER OVER 18 ÅR MED D-NUMMER     ,N,N,N,N,N,N,N,N,N,N,N
1801,62117508663,P,35000,Genet Roald                        ,Thue                               ,N,N,N,J,N,KUNDER OVER 18 ÅR MED D-NUMMER     ,N,N,N,N,N,N,N,N,N,N,N
1801,68095402821,P,35900,Ole-Kristian Emilia                ,Tharaldsen                         ,N,N,N,J,N,KUNDER OVER 18 ÅR MED D-NUMMER     ,N,N,N,N,N,N,N,N,N,N,N
1801,63058908373,P,35900,Brit Juozas                        ,Thøgersen                          ,N,N,N,J,N,KUNDER OVER 18 ÅR MED D-NUMMER     ,N,N,N,N,N,N,N,N,N,N,N
1801,52119508134,P,19110,Anastasia Boye                     ,Halse                              ,N,N,N,J,N,KUNDER OVER 18 ÅR MED D-NUMMER     ,N,N,N,N,N,N,N,N,N,N,N
1801,61099405332,P,16110,Jorge Judy                         ,Dalland                            ,N,N,N,J,N,KUNDER OVER 18 ÅR MED D-NUMMER     ,N,N,N,N,N,N,N,N,N,N,N
1801,44090154521,P,73110,Ilyas Kate                         ,Harsvik                            ,N,N,N,J,N,KUNDER OVER 18 ÅR MED D-NUMMER     ,N,N,N,N,N,N,N,N,N,N,N
1801,52048102050,P,71110,Cristian Shirley                   ,Langvik                            ,N,N,N,J,N,KUNDER OVER 18 ÅR MED D-NUMMER     ,N,N,N,N,N,N,N,N,N,N,N
1801,64059900054,P,35100,Mårten Christa                     ,Walle                              ,N,N,N,J,N,KUNDER OVER 18 ÅR MED D-NUMMER     ,N,N,N,N,N,N,N,N,N,N,N
1801,51078476943,P,11110,Fredrikke Henri                    ,Valderhaug                         ,N,N,N,J,N,KUNDER OVER 18 ÅR MED D-NUMMER     ,N,N,N,N,N,N,N,N,N,N,N
1801,64098775313,P,41110,Dawid Hildur                       ,Frydenlund                         ,N,N,N,J,N,KUNDER OVER 18 ÅR MED D-NUMMER     ,N,N,N,N,N,N,N,N,N,N,N
1801,55129805632,P,35100,Valdemar Reidunn                   ,Nagy                               ,N,N,N,J,N,KUNDER OVER 18 ÅR MED D-NUMMER     ,N,N,N,N,N,N,N,N,N,N,N
1801,66027811508,P,35900,Mike Inga-Lill                     ,Digernes                           ,N,N,N,J,N,KUNDER OVER 18 ÅR MED D-NUMMER     ,N,N,N,N,N,N,N,N,N,N,N
1801,68099707430,P,17110,Asbjørg Manuel                     ,Stokke                             ,N,N,N,J,N,KUNDER OVER 18 ÅR MED D-NUMMER     ,N,N,N,N,N,N,N,N,N,N,N
1801,60038400005,P,47110,Wojciech Cristina                  ,Bergseth                           ,N,N,N,J,N,KUNDER OVER 18 ÅR MED D-NUMMER     ,N,N,N,N,N,N,N,N,N,N,N
1801,62038652120,P,11110,Ailin Abdulkadir                   ,Steen                              ,N,N,N,J,N,KUNDER OVER 18 ÅR MED D-NUMMER     ,N,N,N,N,N,N,N,N,N,N,N
1801,53059404233,P,11110,Solbjørg Duc                       ,Rishaug                            ,N,N,N,J,N,KUNDER OVER 18 ÅR MED D-NUMMER     ,N,N,N,N,N,N,N,N,N,N,N
1801,63016800130,P,76110,Moa Gudbrand                       ,Nilssen                            ,J,N,N,J,N,KUNDER OVER 18 ÅR MED D-NUMMER     ,N,N,N,N,N,N,N,N,N,N,N
1801,41086977603,P,51110,Muna Gudbrand                      ,Fagerheim                          ,N,N,N,J,N,KUNDER OVER 18 ÅR MED D-NUMMER     ,N,N,N,N,N,N,N,N,N,N,N
1801,58125908967,P,35900,Marta Ari                          ,Strømsnes                          ,N,N,N,J,N,KUNDER OVER 18 ÅR MED D-NUMMER     ,N,N,N,N,N,N,N,N,N,N,N
1801,65128051982,P,35900,Thanh Tristan                      ,Askeland                           ,N,N,N,J,N,KUNDER OVER 18 ÅR MED D-NUMMER     ,N,N,N,N,N,N,N,N,N,N,N
1801,64057305140,P,17110,Fredrik Charlotte                  ,Fagereng                           ,N,N,N,J,N,KUNDER OVER 18 ÅR MED D-NUMMER     ,N,N,N,N,N,N,N,N,N,N,N
1801,54107612974,P,35100,Emine Gregor                       ,Sagbakken                          ,N,N,N,J,N,KUNDER OVER 18 ÅR MED D-NUMMER     ,N,N,N,N,N,N,N,N,N,N,N
1801,60058651349,P,35900,Pablo Roxana                       ,Austbø                             ,N,N,N,J,N,KUNDER OVER 18 ÅR MED D-NUMMER     ,N,N,N,N,N,N,N,N,N,N,N
1801,62068403524,P,21110,Maksim Ulla                        ,Langseth                           ,N,N,N,J,N,KUNDER OVER 18 ÅR MED D-NUMMER     ,N,N,N,N,N,N,N,N,N,N,N
1801,50097852054,P,71110,Yassin Oddhild                     ,Dahlgren                           ,N,N,N,N,N,KUNDER OVER 18 ÅR MED D-NUMMER     ,N,N,N,N,N,N,N,N,N,N,N
1801,51049606137,P,11110,Bibbi Kenny                        ,Møller                             ,N,N,N,J,N,KUNDER OVER 18 ÅR MED D-NUMMER     ,N,N,N,N,N,N,N,N,N,N,N
1801,65068804722,P,51110,Aasne Pieter                       ,Kvamme                             ,N,N,N,J,N,KUNDER OVER 18 ÅR MED D-NUMMER     ,N,N,N,N,N,N,N,N,N,N,N
1801,60049405696,P,36400,Oskar Jannike                      ,Thomsen                            ,N,N,N,J,N,KUNDER OVER 18 ÅR MED D-NUMMER     ,N,N,N,N,N,N,N,N,N,N,N
1801,69128300740,P,16110,Tom-Arne Astri                     ,Hatlestad                          ,N,N,N,N,N,KUNDER OVER 18 ÅR MED D-NUMMER     ,N,N,N,N,N,N,N,N,N,N,N
1801,52010177405,P,35000,Audrius Carina                     ,Johannesen                         ,N,N,N,J,N,KUNDER OVER 18 ÅR MED D-NUMMER     ,N,N,N,N,N,N,N,N,N,N,N
1801,50038608433,P,51110,Fride Duy                          ,Grannes                            ,N,N,N,J,N,KUNDER OVER 18 ÅR MED D-NUMMER     ,N,N,N,N,N,N,N,N,N,N,N
1801,68019054512,P,35900,May-Kristin Billy                  ,Lavik                              ,N,N,N,J,N,KUNDER OVER 18 ÅR MED D-NUMMER     ,N,N,N,N,N,N,N,N,N,N,N
1801,50107608807,P,56110,Justyna Adem                       ,Dyngeland                          ,N,N,N,J,N,KUNDER OVER 18 ÅR MED D-NUMMER     ,N,N,N,N,N,N,N,N,N,N,N
1801,42056550776,P,35900,Jade Jari                          ,Wagner                             ,N,N,N,J,N,KUNDER OVER 18 ÅR MED D-NUMMER     ,N,N,N,N,N,N,N,N,N,N,N
1801,65128477661,P,18110,Karita Audun                       ,Breivik                            ,N,N,N,N,N,KUNDER OVER 18 ÅR MED D-NUMMER     ,N,N,N,N,N,N,N,N,N,N,N
1801,42110107514,P,51110,Kjersti Rudi                       ,Reistad                            ,N,N,N,J,N,KUNDER OVER 18 ÅR MED D-NUMMER     ,N,N,N,N,N,N,N,N,N,N,N
1801,41098805255,P,35000,Aida Duc                           ,Sødal                              ,N,N,N,J,N,KUNDER OVER 18 ÅR MED D-NUMMER     ,N,N,N,N,N,N,N,N,N,N,N
1801,46029208603,P,36400,Odd-Erik Carita                    ,Sveum                              ,N,N,N,J,N,KUNDER OVER 18 ÅR MED D-NUMMER     ,N,N,N,N,N,N,N,N,N,N,N
1801,43107710036,P,35100,Rima Vegar                         ,Harsvik                            ,N,N,N,J,N,KUNDER OVER 18 ÅR MED D-NUMMER     ,N,N,N,N,N,N,N,N,N,N,N
1801,65097857916,P,11110,Synnøve Cesar                      ,Westbye                            ,N,N,N,J,N,KUNDER OVER 18 ÅR MED D-NUMMER     ,N,N,N,N,N,N,N,N,N,N,N
1801,47087456176,P,73110,Torgunn Danny                      ,Gausdal                            ,N,N,N,J,N,KUNDER OVER 18 ÅR MED D-NUMMER     ,N,N,N,N,N,N,N,N,N,N,N
1801,68057657174,P,36300,Trude Juozas                       ,Throndsen                          ,N,N,N,N,N,KUNDER OVER 18 ÅR MED D-NUMMER     ,N,N,N,N,N,N,N,N,N,N,N
1801,57115801505,P,73110,Lilian Hans                        ,Wagner                             ,N,N,N,J,N,KUNDER OVER 18 ÅR MED D-NUMMER     ,N,N,N,N,N,N,N,N,N,N,N
1801,67026176708,P,35900,Shahid Lorena                      ,Solvik                             ,N,N,N,J,N,KUNDER OVER 18 ÅR MED D-NUMMER     ,N,N,N,N,N,N,N,N,N,N,N
1801,60034951228,P,35000,Oskar Anke                         ,Moss                               ,N,N,N,J,N,KUNDER OVER 18 ÅR MED D-NUMMER     ,N,N,N,N,N,N,N,N,N,N,N
1801,68045905075,P,74110,Mario Inger                        ,Røe                                ,N,N,N,N,N,KUNDER OVER 18 ÅR MED D-NUMMER     ,N,N,N,N,N,N,N,N,N,N,N
1801,52037955302,P,11110,Kristi Hallstein                   ,Bakken                             ,N,N,N,J,N,KUNDER OVER 18 ÅR MED D-NUMMER     ,N,N,N,N,N,N,N,N,N,N,N
1801,46079602795,P,35100,Vilja Torgny                       ,Skau                               ,N,N,N,J,N,KUNDER OVER 18 ÅR MED D-NUMMER     ,N,N,N,N,N,N,N,N,N,N,N
1801,65129005747,P,51110,Andrius Lucyna                     ,Aspelund                           ,N,N,N,J,N,KUNDER OVER 18 ÅR MED D-NUMMER     ,N,N,N,N,N,N,N,N,N,N,N
1801,59039176860,P,35900,Halfrid Ireneusz                   ,Korsvik                            ,N,N,N,J,N,KUNDER OVER 18 ÅR MED D-NUMMER     ,N,N,N,N,N,N,N,N,N,N,N
1801,42055953788,P,35900,Bjarte Kaisa                       ,Harsvik                            ,N,N,N,J,N,KUNDER OVER 18 ÅR MED D-NUMMER     ,N,N,N,N,N,N,N,N,N,N,N
1801,68069902425,P,35000,Steven Luiza                       ,Josefsen                           ,N,N,N,J,N,KUNDER OVER 18 ÅR MED D-NUMMER     ,N,N,N,N,N,N,N,N,N,N,N
1801,45119708374,P,31110,Ben Tara                           ,Gramstad                           ,N,N,N,J,N,KUNDER OVER 18 ÅR MED D-NUMMER     ,N,N,N,N,N,N,N,N,N,N,N
1801,43128404989,P,73110,Agathe Rudi                        ,Gjestad                            ,N,N,N,J,N,KUNDER OVER 18 ÅR MED D-NUMMER     ,N,N,N,N,N,N,N,N,N,N,N
1801,45048900376,P,35900,Karwan Lea                         ,Indahl                             ,N,N,N,J,N,KUNDER OVER 18 ÅR MED D-NUMMER     ,N,N,N,N,N,N,N,N,N,N,N
1801,52100103079,P,37200,Cesar Anne-Kristine                ,Løvdal                             ,N,N,N,J,N,KUNDER OVER 18 ÅR MED D-NUMMER     ,N,N,N,N,N,N,N,N,N,N,N
1801,46099902647,P,35000,Anneline Ionut                     ,Caspersen                          ,N,N,N,J,N,KUNDER OVER 18 ÅR MED D-NUMMER     ,N,N,N,N,N,N,N,N,N,N,N
1801,60119402940,P,35000,Gun Irfan                          ,Malnes                             ,N,N,N,J,N,KUNDER OVER 18 ÅR MED D-NUMMER     ,N,N,N,N,N,N,N,N,N,N,N
1801,55107150535,P,18110,Carmen Abdulkadir                  ,Bjørgo                             ,N,N,N,J,N,KUNDER OVER 18 ÅR MED D-NUMMER     ,N,N,N,N,N,N,N,N,N,N,N
1801,61037777187,P,67248,Gunnvor Aslan                      ,Narum                              ,N,N,N,J,N,KUNDER OVER 18 ÅR MED D-NUMMER     ,N,N,N,N,N,N,N,N,N,N,N
1801,41109206928,P,57110,Lea Aadne                          ,Afzal                              ,N,N,N,J,N,KUNDER OVER 18 ÅR MED D-NUMMER     ,N,N,N,N,N,N,N,N,N,N,N
1801,63068001821,P,35900,Ingvill Aleksandrs                 ,Teige                              ,N,N,N,J,N,KUNDER OVER 18 ÅR MED D-NUMMER     ,N,N,N,N,N,N,N,N,N,N,N
1801,61069276597,P,11110,Gretha Istvan                      ,Rosseland                          ,N,N,N,J,N,KUNDER OVER 18 ÅR MED D-NUMMER     ,N,N,N,N,N,N,N,N,N,N,N
1801,47067151913,P,46110,Benn Gabrielle                     ,Martens                            ,N,N,N,J,N,KUNDER OVER 18 ÅR MED D-NUMMER     ,N,N,N,N,N,N,N,N,N,N,N
1801,56055404319,P,73110,Julio Birgitte                     ,Sletten                            ,N,N,N,J,N,KUNDER OVER 18 ÅR MED D-NUMMER     ,N,N,N,N,N,N,N,N,N,N,N
1801,64070105959,P,36300,Geir Leah                          ,Voldsund                           ,N,N,N,J,N,KUNDER OVER 18 ÅR MED D-NUMMER     ,N,N,N,N,N,N,N,N,N,N,N
1801,69107403124,P,35900,Andrius Kari-Ann                   ,Fossli                             ,N,N,N,J,N,KUNDER OVER 18 ÅR MED D-NUMMER     ,N,N,N,N,N,N,N,N,N,N,N
1801,45066504267,P,51110,Ådne Solfrid                       ,Øverby                             ,N,N,N,J,N,KUNDER OVER 18 ÅR MED D-NUMMER     ,N,N,N,N,N,N,N,N,N,N,N
1801,69109400386,P,16110,Rodney Liv                         ,Midtbø                             ,N,N,N,J,N,KUNDER OVER 18 ÅR MED D-NUMMER     ,N,N,N,N,N,N,N,N,N,N,N
1801,52039900378,P,35400,Uzma Alv                           ,Haji                               ,N,N,N,J,N,KUNDER OVER 18 ÅR MED D-NUMMER     ,N,N,N,N,N,N,N,N,N,N,N
1801,46056576932,P,36400,Ahmed Julia                        ,Tømte                              ,N,N,N,J,N,KUNDER OVER 18 ÅR MED D-NUMMER     ,N,N,N,N,N,N,N,N,N,N,N
1801,53039606115,P,21110,Hroar Amna                         ,Danielsen                          ,N,N,N,J,N,KUNDER OVER 18 ÅR MED D-NUMMER     ,N,N,N,N,N,N,N,N,N,N,N
1801,55049275950,P,35900,Frode Jocelyn                      ,Krane                              ,N,N,N,J,N,KUNDER OVER 18 ÅR MED D-NUMMER     ,N,N,N,N,N,N,N,N,N,N,N
1801,44037156318,P,71110,Jorun Ramin                        ,Buan                               ,N,N,N,J,N,KUNDER OVER 18 ÅR MED D-NUMMER     ,N,N,N,N,N,N,N,N,N,N,N
1801,63116507961,P,35000,Isaac Rebekka                      ,Kibsgaard                          ,N,N,N,J,N,KUNDER OVER 18 ÅR MED D-NUMMER     ,N,N,N,N,N,N,N,N,N,N,N
1801,60067850397,P,11110,Tarjei Malin                       ,Stene                              ,N,N,N,J,N,KUNDER OVER 18 ÅR MED D-NUMMER     ,N,N,N,N,N,N,N,N,N,N,N
1801,48117706586,P,35500,Afrim Velaug                       ,Ausland                            ,N,N,N,J,N,KUNDER OVER 18 ÅR MED D-NUMMER     ,N,N,N,N,N,N,N,N,N,N,N
1801,51047700179,P,58110,Aiste Istvan                       ,Kjellevold                         ,N,N,N,J,N,KUNDER OVER 18 ÅR MED D-NUMMER     ,N,N,N,N,N,N,N,N,N,N,N
1801,56068058940,P,35900,Szymon Palma                       ,Liberg                             ,N,N,N,J,N,KUNDER OVER 18 ÅR MED D-NUMMER     ,N,N,N,N,N,N,N,N,N,N,N
1801,50128256773,P,79110,Helene Jann                        ,Irgens                             ,N,N,N,J,N,KUNDER OVER 18 ÅR MED D-NUMMER     ,N,N,N,N,N,N,N,N,N,N,N
1801,52019105237,P,51110,Venche Yosef                       ,Singstad                           ,N,N,N,J,N,KUNDER OVER 18 ÅR MED D-NUMMER     ,N,N,N,N,N,N,N,N,N,N,N
1801,55119306875,P,51110,Alexandre Thelma                   ,Midtgård                           ,N,N,N,J,N,KUNDER OVER 18 ÅR MED D-NUMMER     ,N,N,N,N,N,N,N,N,N,N,N
1801,58076756463,P,51110,Irma Kenny                         ,Elstad                             ,N,N,N,J,N,KUNDER OVER 18 ÅR MED D-NUMMER     ,N,N,N,N,N,N,N,N,N,N,N
1801,66046657501,P,35000,Liva Danny                         ,Sandøy                             ,N,N,N,J,N,KUNDER OVER 18 ÅR MED D-NUMMER     ,N,N,N,N,N,N,N,N,N,N,N
1801,44029075171,P,36500,Ingegerd Attila                    ,Foldnes                            ,N,N,N,J,N,KUNDER OVER 18 ÅR MED D-NUMMER     ,N,N,N,N,N,N,N,N,N,N,N
1801,68020302163,P,35000,Rimantas Christine                 ,Mehlum                             ,N,N,N,J,N,KUNDER OVER 18 ÅR MED D-NUMMER     ,N,N,N,N,N,N,N,N,N,N,N
1801,60118777991,P,56110,Linnea Akram                       ,Lied                               ,N,N,N,J,N,KUNDER OVER 18 ÅR MED D-NUMMER     ,N,N,N,N,N,N,N,N,N,N,N
1801,59108651398,P,35000,Norma Bjørge                       ,Midttun                            ,N,J,N,J,N,KUNDER OVER 18 ÅR MED D-NUMMER     ,N,N,N,N,N,N,N,N,N,N,N
1801,51097855998,P,35900,Diana Helmer                       ,Dirdal                             ,N,N,N,J,N,KUNDER OVER 18 ÅR MED D-NUMMER     ,N,N,N,N,N,N,N,N,N,N,N
1801,55129700482,P,35000,Linda Vegar                        ,Lopez                              ,N,N,N,J,N,KUNDER OVER 18 ÅR MED D-NUMMER     ,N,N,N,N,N,N,N,N,N,N,N
1801,47038957356,P,35900,Berit Bastian                      ,Grude                              ,N,N,N,J,N,KUNDER OVER 18 ÅR MED D-NUMMER     ,N,N,N,N,N,N,N,N,N,N,N
1801,50027278814,P,36800,Milena Noel                        ,Oppegård                           ,N,N,N,J,N,KUNDER OVER 18 ÅR MED D-NUMMER     ,N,N,N,N,N,N,N,N,N,N,N
1801,55036875991,P,51110,Niklas Natalja                     ,Dale                               ,N,N,N,J,N,KUNDER OVER 18 ÅR MED D-NUMMER     ,N,N,N,N,N,N,N,N,N,N,N
1801,45125452985,P,35900,Willy Aurelija                     ,Persen                             ,N,N,N,J,N,KUNDER OVER 18 ÅR MED D-NUMMER     ,N,N,N,N,N,N,N,N,N,N,N
1801,59065500900,P,35900,Curt Sari                          ,Furuheim                           ,N,N,N,J,N,KUNDER OVER 18 ÅR MED D-NUMMER     ,N,N,N,N,N,N,N,N,N,N,N
1801,46027953549,P,51110,Lars-Kristian Inger                ,Kalvik                             ,N,N,N,J,N,KUNDER OVER 18 ÅR MED D-NUMMER     ,N,N,N,N,N,N,N,N,N,N,N
1801,63117457992,P,11110,Nicoline Rachid                    ,Trinh                              ,N,N,N,J,N,KUNDER OVER 18 ÅR MED D-NUMMER     ,N,N,N,N,N,N,N,N,N,N,N
1801,56119408755,P,35000,Tadeusz Dagmar                     ,Brudevoll                          ,N,N,N,J,N,KUNDER OVER 18 ÅR MED D-NUMMER     ,N,N,N,N,N,N,N,N,N,N,N
1801,52099004371,P,36400,Hana Noel                          ,Leren                              ,N,N,N,J,N,KUNDER OVER 18 ÅR MED D-NUMMER     ,N,N,N,N,N,N,N,N,N,N,N
1801,67048206392,P,35000,Annabel Kato                       ,Forsmo                             ,N,N,N,N,N,KUNDER OVER 18 ÅR MED D-NUMMER     ,N,N,N,N,N,N,N,N,N,N,N
1801,60066306111,P,73110,Faiza Thorleif                     ,Kvarme                             ,N,N,N,J,N,KUNDER OVER 18 ÅR MED D-NUMMER     ,N,N,N,N,N,N,N,N,N,N,N
1801,50030051952,P,19110,Jorge Audhild                      ,Fosse                              ,N,N,N,J,N,KUNDER OVER 18 ÅR MED D-NUMMER     ,N,N,N,N,N,N,N,N,N,N,N
1801,54047812170,P,36300,Kamila Tron                        ,Håland                             ,N,N,N,J,N,KUNDER OVER 18 ÅR MED D-NUMMER     ,N,N,N,N,N,N,N,N,N,N,N
1801,41109375185,P,36800,Rodrigo Nicoleta                   ,Skog                               ,N,N,N,J,N,KUNDER OVER 18 ÅR MED D-NUMMER     ,N,N,N,N,N,N,N,N,N,N,N
1801,61047711168,P,35500,Ole-Morten Elida                   ,Fossum                             ,N,N,N,J,N,KUNDER OVER 18 ÅR MED D-NUMMER     ,N,N,N,N,N,N,N,N,N,N,N
1801,57038654308,P,35000,Mette Benny                        ,Løver                              ,N,N,N,J,N,KUNDER OVER 18 ÅR MED D-NUMMER     ,N,N,N,N,N,N,N,N,N,N,N
1801,71129600386,P,14110,Linnea Akram                       ,Kaya                               ,N,N,N,J,N,KUNDER OVER 18 ÅR MED D-NUMMER     ,N,N,N,N,N,N,N,N,N,N,N
1801,47066401681,P,11110,Dina Gudbrand                      ,Tysnes                             ,N,N,N,J,N,KUNDER OVER 18 ÅR MED D-NUMMER     ,N,N,N,N,N,N,N,N,N,N,N
1801,64018107188,P,35000,Aurelija Kim-Andre                 ,Engelsen                           ,N,N,N,J,N,KUNDER OVER 18 ÅR MED D-NUMMER     ,N,N,N,N,N,N,N,N,N,N,N
1801,57037056709,P,35900,May-Lis Mantas                     ,Indahl                             ,N,N,N,J,N,KUNDER OVER 18 ÅR MED D-NUMMER     ,N,N,N,N,N,N,N,N,N,N,N
1801,47050100371,P,35000,Eivin Lina                         ,Isachsen                           ,N,N,N,J,N,KUNDER OVER 18 ÅR MED D-NUMMER     ,N,N,N,N,N,N,N,N,N,N,N
1801,55118856502,P,11110,Gunnhild Bernt                     ,Rømo                               ,N,N,N,J,N,KUNDER OVER 18 ÅR MED D-NUMMER     ,N,N,N,N,N,N,N,N,N,N,N
1801,59017454174,P,35900,Uno Minh                           ,Weberg                             ,N,N,N,J,N,KUNDER OVER 18 ÅR MED D-NUMMER     ,N,N,N,N,N,N,N,N,N,N,N
1801,43049278706,P,18110,Emad Thi                           ,Gustavson                          ,N,N,N,J,N,KUNDER OVER 18 ÅR MED D-NUMMER     ,N,N,N,N,N,N,N,N,N,N,N
1801,52108410981,P,35000,Teodor Ella                        ,Aarrestad                          ,N,N,N,N,N,KUNDER OVER 18 ÅR MED D-NUMMER     ,N,N,N,N,N,N,N,N,N,N,N
1801,64038751326,P,35500,Joar Angelina                      ,Undrum                             ,N,N,N,J,N,KUNDER OVER 18 ÅR MED D-NUMMER     ,N,N,N,N,N,N,N,N,N,N,N
1801,59090207460,P,31110,Azad Liliana                       ,Thompson                           ,N,N,N,J,N,KUNDER OVER 18 ÅR MED D-NUMMER     ,N,N,N,N,N,N,N,N,N,N,N
1801,54116558303,P,35900,Solveig Marcelo                    ,Tharaldsen                         ,N,N,N,J,N,KUNDER OVER 18 ÅR MED D-NUMMER     ,N,N,N,N,N,N,N,N,N,N,N
1801,55026476126,P,35900,Johan Mildred                      ,Langlo                             ,N,N,N,J,N,KUNDER OVER 18 ÅR MED D-NUMMER     ,N,N,N,N,N,N,N,N,N,N,N
1801,50038258483,P,73110,Susanna Rudi                       ,Askeland                           ,N,N,N,J,N,KUNDER OVER 18 ÅR MED D-NUMMER     ,N,N,N,N,N,N,N,N,N,N,N
1801,71037801792,P,11110,Petras Maia                        ,Nyhagen                            ,N,N,N,J,N,KUNDER OVER 18 ÅR MED D-NUMMER     ,N,N,N,N,N,N,N,N,N,N,N
1801,60100106380,P,35400,Victoria Øyvind                    ,Fretheim                           ,N,N,N,J,N,KUNDER OVER 18 ÅR MED D-NUMMER     ,N,N,N,N,N,N,N,N,N,N,N
1801,54099408769,P,35000,Valter Sophia                      ,Wangen                             ,N,N,N,J,N,KUNDER OVER 18 ÅR MED D-NUMMER     ,N,N,N,N,N,N,N,N,N,N,N
1801,42095976306,P,36110,Yassin Agathe                      ,Aasheim                            ,N,N,N,N,N,KUNDER OVER 18 ÅR MED D-NUMMER     ,N,N,N,N,N,N,N,N,N,N,N
1801,58107378462,P,21110,Susanna Rudi                       ,Hafstad                            ,N,N,N,J,N,KUNDER OVER 18 ÅR MED D-NUMMER     ,N,N,N,N,N,N,N,N,N,N,N
1801,52026100860,P,14110,Francesco Ingvild                  ,Gamst                              ,N,N,N,J,N,KUNDER OVER 18 ÅR MED D-NUMMER     ,N,N,N,N,N,N,N,N,N,N,N
1801,45030153727,P,21110,Vivi Folke                         ,Spilde                             ,N,N,N,J,N,KUNDER OVER 18 ÅR MED D-NUMMER     ,N,N,N,N,N,N,N,N,N,N,N
1801,55039206705,P,35400,Alma Kim-Andre                     ,Borgersen                          ,J,N,N,J,N,KUNDER OVER 18 ÅR MED D-NUMMER     ,N,N,N,N,N,N,N,N,N,N,N
1801,50040106593,P,35500,Andrej Silvia                      ,Kile                               ,N,N,N,J,N,KUNDER OVER 18 ÅR MED D-NUMMER     ,N,N,N,N,N,N,N,N,N,N,N
1801,62047257196,P,56110,Sajjad Greta                       ,Blindheim                          ,N,N,N,J,N,KUNDER OVER 18 ÅR MED D-NUMMER     ,N,N,N,N,N,N,N,N,N,N,N
1801,64037700914,P,19110,Fatma Adem                         ,Bergtun                            ,N,N,N,J,N,KUNDER OVER 18 ÅR MED D-NUMMER     ,N,N,N,N,N,N,N,N,N,N,N
1801,60079077642,P,41110,Herlaug Rune                       ,Lundby                             ,N,N,N,N,N,KUNDER OVER 18 ÅR MED D-NUMMER     ,N,N,N,N,N,N,N,N,N,N,N
1801,44029508507,P,11110,Beathe Oddmund                     ,Aukland                            ,N,N,N,J,N,KUNDER OVER 18 ÅR MED D-NUMMER     ,N,N,N,N,N,N,N,N,N,N,N
1801,65109607007,P,35100,Sead Tania                         ,Myklebost                          ,N,N,N,J,N,KUNDER OVER 18 ÅR MED D-NUMMER     ,N,N,N,N,N,N,N,N,N,N,N
1801,60050308173,P,35900,Arnulf Stina                       ,Abraha                             ,N,N,N,J,N,KUNDER OVER 18 ÅR MED D-NUMMER     ,N,N,N,N,N,N,N,N,N,N,N
1801,63059604327,P,51110,Edina Biniam                       ,Brenne                             ,N,N,N,J,N,KUNDER OVER 18 ÅR MED D-NUMMER     ,N,N,N,N,N,N,N,N,N,N,N
1801,53115707570,P,11110,Andrine Cesar                      ,Unneland                           ,N,N,N,J,N,KUNDER OVER 18 ÅR MED D-NUMMER     ,N,N,N,N,N,N,N,N,N,N,N
1801,54115375140,P,71110,Torild Dovydas                     ,Raknes                             ,N,N,N,N,N,KUNDER OVER 18 ÅR MED D-NUMMER     ,N,N,N,N,N,N,N,N,N,N,N
1801,48038508353,P,31110,Mahad Gun                          ,Reime                              ,N,N,N,N,N,KUNDER OVER 18 ÅR MED D-NUMMER     ,N,N,N,N,N,N,N,N,N,N,N
1801,44045353599,P,16110,Justas Lillian                     ,Kløvstad                           ,N,N,N,J,N,KUNDER OVER 18 ÅR MED D-NUMMER     ,N,N,N,N,N,N,N,N,N,N,N
1801,52106006407,P,11110,Thorbjørn Lis                      ,Kvale                              ,N,N,N,J,N,KUNDER OVER 18 ÅR MED D-NUMMER     ,N,N,N,N,N,N,N,N,N,N,N
1801,66116478529,P,35500,Juni Kamran                        ,Krogh                              ,N,N,N,J,N,KUNDER OVER 18 ÅR MED D-NUMMER     ,N,N,N,N,N,N,N,N,N,N,N
1801,45086004090,P,35900,Liva Romas                         ,Viddal                             ,N,N,N,J,N,KUNDER OVER 18 ÅR MED D-NUMMER     ,N,N,N,N,N,N,N,N,N,N,N
1801,45077377178,P,35900,Ljiljana Juozas                    ,Bakkan                             ,N,N,N,J,N,KUNDER OVER 18 ÅR MED D-NUMMER     ,N,N,N,N,N,N,N,N,N,N,N
1801,64097418827,P,35000,Juan Edina                         ,Nodeland                           ,N,N,N,J,N,KUNDER OVER 18 ÅR MED D-NUMMER     ,N,N,N,N,N,N,N,N,N,N,N
1801,59077703793,P,76110,Andre Galina                       ,Gullaksen                          ,N,N,N,J,N,KUNDER OVER 18 ÅR MED D-NUMMER     ,N,N,N,N,N,N,N,N,N,N,N
1801,41069500798,P,11110,Joar Ingebjørg                     ,Østvik                             ,N,N,N,J,N,KUNDER OVER 18 ÅR MED D-NUMMER     ,N,N,N,N,N,N,N,N,N,N,N
1801,64047204699,P,51110,Asmund Francisca                   ,Hilstad                            ,N,N,N,J,N,KUNDER OVER 18 ÅR MED D-NUMMER     ,N,N,N,N,N,N,N,N,N,N,N
1801,65079700627,P,36300,May-Liss Ahmed                     ,Moss                               ,N,N,N,J,N,KUNDER OVER 18 ÅR MED D-NUMMER     ,N,N,N,N,N,N,N,N,N,N,N
1801,54027477251,P,71110,Charlotte Maciej                   ,Nicolaisen                         ,N,N,N,J,N,KUNDER OVER 18 ÅR MED D-NUMMER     ,N,N,N,N,N,N,N,N,N,N,N
1801,57046505524,P,51110,Monique Ask                        ,Rognlien                           ,N,N,N,J,N,KUNDER OVER 18 ÅR MED D-NUMMER     ,N,N,N,N,N,N,N,N,N,N,N
1801,62086575952,P,11110,Oskar Fatemeh                      ,Nessa                              ,N,N,N,J,N,KUNDER OVER 18 ÅR MED D-NUMMER     ,N,N,N,N,N,N,N,N,N,N,N
1801,48066911163,P,11110,Malgorzata Nicolae                 ,Skarstein                          ,N,N,N,J,N,KUNDER OVER 18 ÅR MED D-NUMMER     ,N,N,N,N,N,N,N,N,N,N,N
1801,65066907753,P,35100,Ingjerd Trond                      ,Helleland                          ,N,N,N,J,N,KUNDER OVER 18 ÅR MED D-NUMMER     ,N,N,N,N,N,N,N,N,N,N,N
1801,47129501908,P,35000,Jeremy Anne-Line                   ,Aarseth                            ,N,N,N,J,N,KUNDER OVER 18 ÅR MED D-NUMMER     ,N,N,N,N,N,N,N,N,N,N,N
1801,43057400537,P,51110,Vibeche Melvin                     ,Rognlien                           ,N,N,N,J,N,KUNDER OVER 18 ÅR MED D-NUMMER     ,N,N,N,N,N,N,N,N,N,N,N
1801,46068151589,P,35500,Brigt Wibecke                      ,Skogseth                           ,N,N,N,J,N,KUNDER OVER 18 ÅR MED D-NUMMER     ,N,N,N,N,N,N,N,N,N,N,N
1801,55129508565,P,19110,Rolandas Jorid                     ,Mohammad                           ,N,N,N,J,N,KUNDER OVER 18 ÅR MED D-NUMMER     ,N,N,N,N,N,N,N,N,N,N,N
1801,42076575910,P,37400,Ravn Elinor                        ,Arnesen                            ,N,J,N,J,N,KUNDER OVER 18 ÅR MED D-NUMMER     ,N,N,N,N,N,N,N,N,N,N,N
1801,61019704148,P,19110,Senad Rikke                        ,Fjærli                             ,N,N,N,J,N,KUNDER OVER 18 ÅR MED D-NUMMER     ,N,N,N,N,N,N,N,N,N,N,N
1801,50019401380,P,35000,Normann Signy                      ,Gustavsen                          ,N,N,N,J,N,KUNDER OVER 18 ÅR MED D-NUMMER     ,N,N,N,N,N,N,N,N,N,N,N
1801,63098751337,P,35500,Kristbjørg Trym                    ,Muggerud                           ,N,N,N,J,N,KUNDER OVER 18 ÅR MED D-NUMMER     ,N,N,N,N,N,N,N,N,N,N,N
1801,58058300924,P,11110,Viola Julian                       ,Hoel                               ,N,N,N,J,N,KUNDER OVER 18 ÅR MED D-NUMMER     ,N,N,N,N,N,N,N,N,N,N,N
1801,49099058551,P,36400,Lis Maciej                         ,Forsmo                             ,N,N,N,J,N,KUNDER OVER 18 ÅR MED D-NUMMER     ,N,N,N,N,N,N,N,N,N,N,N
1801,53095376734,P,11110,Andrej Gretha                      ,Randen                             ,N,N,N,J,N,KUNDER OVER 18 ÅR MED D-NUMMER     ,N,N,N,N,N,N,N,N,N,N,N
1801,44129708910,P,36300,Oskar Elham                        ,Strande                            ,N,N,N,J,N,KUNDER OVER 18 ÅR MED D-NUMMER     ,N,N,N,N,N,N,N,N,N,N,N
1801,69079100587,P,35900,Eirin Mika                         ,Sandum                             ,N,N,N,J,N,KUNDER OVER 18 ÅR MED D-NUMMER     ,N,N,N,N,N,N,N,N,N,N,N
1801,53075301142,P,35900,Wioletta Benny                     ,Elvebakk                           ,N,N,N,J,N,KUNDER OVER 18 ÅR MED D-NUMMER     ,N,N,N,N,N,N,N,N,N,N,N
1801,51026754600,P,35000,Gudlaug Biniam                     ,Jansen                             ,N,N,N,J,N,KUNDER OVER 18 ÅR MED D-NUMMER     ,N,N,N,N,N,N,N,N,N,N,N
1801,42104004207,P,73110,Lykke Francisco                    ,Marøy                              ,N,J,N,J,N,KUNDER OVER 18 ÅR MED D-NUMMER     ,N,N,N,N,N,N,N,N,N,N,N
1801,59039900321,P,11110,Sajjad Eileen                      ,Skagestad                          ,N,N,N,J,N,KUNDER OVER 18 ÅR MED D-NUMMER     ,N,N,N,N,N,N,N,N,N,N,N
1801,56087002441,P,36400,Lorena Roald                       ,Polden                             ,N,N,N,J,N,KUNDER OVER 18 ÅR MED D-NUMMER     ,N,N,N,N,N,N,N,N,N,N,N
1801,58029357712,P,11110,Rino Janne                         ,Serigstad                          ,N,N,N,J,N,KUNDER OVER 18 ÅR MED D-NUMMER     ,N,N,N,N,N,N,N,N,N,N,N
1801,64060151537,P,37200,Lotte Jahn                         ,Aanestad                           ,N,N,N,J,N,KUNDER OVER 18 ÅR MED D-NUMMER     ,N,N,N,N,N,N,N,N,N,N,N
1801,48059804130,P,17110,Ståle Cynthia                      ,Røisland                           ,N,N,N,J,N,KUNDER OVER 18 ÅR MED D-NUMMER     ,N,N,N,N,N,N,N,N,N,N,N
1801,53026753380,P,52110,Dora Sigve                         ,Nielsen                            ,J,N,N,J,N,KUNDER OVER 18 ÅR MED D-NUMMER     ,N,N,N,N,N,N,N,N,N,N,N
1801,56126508781,P,35900,Gurli Sindre                       ,Wagner                             ,N,N,N,J,N,KUNDER OVER 18 ÅR MED D-NUMMER     ,N,N,N,N,N,N,N,N,N,N,N
1801,58078576241,P,71110,Sajjad Evita                       ,Hov                                ,N,N,N,J,N,KUNDER OVER 18 ÅR MED D-NUMMER     ,N,N,N,N,N,N,N,N,N,N,N
1801,47055677243,P,36400,Mika Anne-Katrine                  ,Sem                                ,N,N,N,J,N,KUNDER OVER 18 ÅR MED D-NUMMER     ,N,N,N,N,N,N,N,N,N,N,N
1801,44106576952,P,19230,Niklas Hana                        ,Sandbæk                            ,N,N,N,J,N,KUNDER OVER 18 ÅR MED D-NUMMER     ,N,N,N,N,N,N,N,N,N,N,N
1801,54128355351,P,35400,Hoa Jann                           ,Holten                             ,N,N,N,J,N,KUNDER OVER 18 ÅR MED D-NUMMER     ,N,N,N,N,N,N,N,N,N,N,N
1801,65089357130,P,11110,Susana Leiv                        ,Broen                              ,N,N,N,J,N,KUNDER OVER 18 ÅR MED D-NUMMER     ,N,N,N,N,N,N,N,N,N,N,N
1801,47090276324,P,36500,Viktoria Istvan                    ,Heggset                            ,N,N,N,J,N,KUNDER OVER 18 ÅR MED D-NUMMER     ,N,N,N,N,N,N,N,N,N,N,N
1801,54018075558,P,35100,Norma Birger                       ,Skogly                             ,N,N,N,J,N,KUNDER OVER 18 ÅR MED D-NUMMER     ,N,N,N,N,N,N,N,N,N,N,N
1801,44070353447,P,51110,Ingo Faiza                         ,Bårdsen                            ,N,N,N,J,N,KUNDER OVER 18 ÅR MED D-NUMMER     ,N,N,N,N,N,N,N,N,N,N,N
1801,68059703378,P,35000,Isa Marton                         ,Dalland                            ,N,N,N,J,N,KUNDER OVER 18 ÅR MED D-NUMMER     ,N,N,N,N,N,N,N,N,N,N,N
1801,49118255940,P,31110,Marcel Othilie                     ,Throndsen                          ,N,J,N,N,N,KUNDER OVER 18 ÅR MED D-NUMMER     ,N,N,N,N,N,N,N,N,N,N,N
1801,60094875709,P,51110,Marlena Tron                       ,Valstad                            ,N,N,N,N,N,KUNDER OVER 18 ÅR MED D-NUMMER     ,N,N,N,N,N,N,N,N,N,N,N
1801,49019708968,P,37200,Tadeusz Dagmar                     ,Løchen                             ,N,N,N,J,N,KUNDER OVER 18 ÅR MED D-NUMMER     ,N,N,N,N,N,N,N,N,N,N,N
1801,62086706305,P,35900,Thorsten Charlene                  ,Engebretsen                        ,N,N,N,J,N,KUNDER OVER 18 ÅR MED D-NUMMER     ,N,N,N,N,N,N,N,N,N,N,N
1801,48078607540,P,36800,Kjellfrid Aleksandrs               ,Hult                               ,N,N,N,J,N,KUNDER OVER 18 ÅR MED D-NUMMER     ,N,N,N,N,N,N,N,N,N,N,N
1801,66016278972,P,11110,Herbjørg Melvin                    ,Larssen                            ,N,N,N,J,N,KUNDER OVER 18 ÅR MED D-NUMMER     ,N,N,N,N,N,N,N,N,N,N,N
1801,68067902398,P,35100,Yohannes Maiken                    ,Michalsen                          ,N,N,N,J,N,KUNDER OVER 18 ÅR MED D-NUMMER     ,N,N,N,N,N,N,N,N,N,N,N
1801,62117600136,P,11110,Mike Ann-Katrin                    ,Garberg                            ,N,J,N,N,N,KUNDER OVER 18 ÅR MED D-NUMMER     ,N,N,N,N,N,N,N,N,N,N,N
1801,43038558987,P,73110,Martyna Jari                       ,Kleveland                          ,N,N,N,N,N,KUNDER OVER 18 ÅR MED D-NUMMER     ,N,N,N,N,N,N,N,N,N,N,N
1801,68117953193,P,35900,Mai-Lis Florian                    ,Kaya                               ,N,N,N,J,N,KUNDER OVER 18 ÅR MED D-NUMMER     ,N,N,N,N,N,N,N,N,N,N,N
1801,42026802665,P,35000,Selma Dovydas                      ,Åsen                               ,N,N,N,J,N,KUNDER OVER 18 ÅR MED D-NUMMER     ,N,N,N,N,N,N,N,N,N,N,N
1801,63088702974,P,35400,Mariya Thormod                     ,Schau                              ,N,N,N,J,N,KUNDER OVER 18 ÅR MED D-NUMMER     ,N,N,N,N,N,N,N,N,N,N,N
1801,48127609511,P,11110,Johan Kira                         ,Røkenes                            ,N,N,N,J,N,KUNDER OVER 18 ÅR MED D-NUMMER     ,N,N,N,N,N,N,N,N,N,N,N
1801,64059254578,P,35900,Mirjana Ramin                      ,Lillemo                            ,N,N,N,J,N,KUNDER OVER 18 ÅR MED D-NUMMER     ,N,N,N,N,N,N,N,N,N,N,N
1801,61029004535,P,35900,Ehsan Josefine                     ,Askeland                           ,N,N,N,J,N,KUNDER OVER 18 ÅR MED D-NUMMER     ,N,N,N,N,N,N,N,N,N,N,N
1801,42057502791,P,19110,Hasan Maryann                      ,Herland                            ,N,N,N,J,N,KUNDER OVER 18 ÅR MED D-NUMMER     ,N,N,N,N,N,N,N,N,N,N,N
1801,64039900155,P,35400,Trine-Lise Leszek                  ,Heimstad                           ,N,N,N,J,N,KUNDER OVER 18 ÅR MED D-NUMMER     ,N,N,N,N,N,N,N,N,N,N,N
1801,68089700705,P,51110,Bernhard Erica                     ,Fardal                             ,N,N,N,J,N,KUNDER OVER 18 ÅR MED D-NUMMER     ,N,N,N,N,N,N,N,N,N,N,N
1801,51046106087,P,82245,Edyta Mehran                       ,Fiskå                              ,N,N,N,J,N,KUNDER OVER 18 ÅR MED D-NUMMER     ,N,N,N,N,N,N,N,N,N,N,N
1801,57070308489,P,51110,Balder Lis                         ,Torvund                            ,N,N,N,J,N,KUNDER OVER 18 ÅR MED D-NUMMER     ,N,N,N,N,N,N,N,N,N,N,N
1801,43059306767,P,36500,Lovisa Leon                        ,Fylkesnes                          ,N,N,N,J,N,KUNDER OVER 18 ÅR MED D-NUMMER     ,N,N,N,N,N,N,N,N,N,N,N
1801,62129700608,P,71110,Alise Odd-Arne                     ,Riiser                             ,N,N,N,J,N,KUNDER OVER 18 ÅR MED D-NUMMER     ,N,N,N,N,N,N,N,N,N,N,N
1801,61038153071,P,35900,Wiktoria Janne                     ,Skaugen                            ,N,N,N,J,N,KUNDER OVER 18 ÅR MED D-NUMMER     ,N,N,N,N,N,N,N,N,N,N,N
1801,60039257184,P,36400,Elin Maciej                        ,Mohamed                            ,N,N,N,J,N,KUNDER OVER 18 ÅR MED D-NUMMER     ,N,N,N,N,N,N,N,N,N,N,N
1801,49095857530,P,51110,Radoslaw Eivor                     ,Engebretsen                        ,N,N,N,N,N,KUNDER OVER 18 ÅR MED D-NUMMER     ,N,N,N,N,N,N,N,N,N,N,N
1801,61026809494,P,35900,Oddmar Mariola                     ,Høyer                              ,N,N,N,J,N,KUNDER OVER 18 ÅR MED D-NUMMER     ,N,N,N,N,N,N,N,N,N,N,N
1801,41086103514,P,71110,Aleksandra Sture                   ,Vikøren                            ,N,N,N,N,N,KUNDER OVER 18 ÅR MED D-NUMMER     ,N,N,N,N,N,N,N,N,N,N,N
1801,57067177195,P,35500,Skjalg Selma                       ,Rognlien                           ,N,N,N,J,N,KUNDER OVER 18 ÅR MED D-NUMMER     ,N,N,N,N,N,N,N,N,N,N,N
1801,46128900616,P,76110,Fatime Ole-Morten                  ,Anthonsen                          ,N,N,N,J,N,KUNDER OVER 18 ÅR MED D-NUMMER     ,N,N,N,N,N,N,N,N,N,N,N
1801,66019802133,P,36500,Palma Donald                       ,Kaupang                            ,N,N,N,J,N,KUNDER OVER 18 ÅR MED D-NUMMER     ,N,N,N,N,N,N,N,N,N,N,N
1801,42115756529,P,36110,Alida Ingvard                      ,Brekken                            ,N,N,N,J,N,KUNDER OVER 18 ÅR MED D-NUMMER     ,N,N,N,N,N,N,N,N,N,N,N
1801,49077176984,P,35900,Mari-Ann Matias                    ,Korsmo                             ,N,N,N,J,N,KUNDER OVER 18 ÅR MED D-NUMMER     ,N,N,N,N,N,N,N,N,N,N,N
1801,46109400912,P,11110,Martin Mariel                      ,Schau                              ,N,N,N,J,N,KUNDER OVER 18 ÅR MED D-NUMMER     ,N,N,N,N,N,N,N,N,N,N,N
1801,60129707103,P,67248,Melanie Paulo                      ,Leivestad                          ,N,N,N,J,N,KUNDER OVER 18 ÅR MED D-NUMMER     ,N,N,N,N,N,N,N,N,N,N,N
1801,66059006763,P,71110,Henrikke Rudi                      ,Tharaldsen                         ,N,N,N,J,N,KUNDER OVER 18 ÅR MED D-NUMMER     ,N,N,N,N,N,N,N,N,N,N,N
1801,48127978215,P,35400,Jo Jonna                           ,Melum                              ,N,N,N,J,N,KUNDER OVER 18 ÅR MED D-NUMMER     ,N,N,N,N,N,N,N,N,N,N,N
1801,68108608556,P,51110,Joy Valentin                       ,Askeland                           ,N,N,N,J,N,KUNDER OVER 18 ÅR MED D-NUMMER     ,N,N,N,N,N,N,N,N,N,N,N
1801,61016609624,P,51110,Tristan Linn-Therese               ,Fardal                             ,N,N,N,J,N,KUNDER OVER 18 ÅR MED D-NUMMER     ,N,N,N,N,N,N,N,N,N,N,N
1801,62049308367,P,36800,Mussie Michelle                    ,Stavland                           ,N,N,N,J,N,KUNDER OVER 18 ÅR MED D-NUMMER     ,N,N,N,N,N,N,N,N,N,N,N
1801,56049408191,P,35000,Rino Marlen                        ,Andvik                             ,N,N,N,J,N,KUNDER OVER 18 ÅR MED D-NUMMER     ,N,N,N,N,N,N,N,N,N,N,N
1801,52098656707,P,11110,Øygunn Julio                       ,Frantzen                           ,N,N,N,J,N,KUNDER OVER 18 ÅR MED D-NUMMER     ,N,N,N,N,N,N,N,N,N,N,N
1801,51026157238,P,47110,Youssef Marlen                     ,Årnes                              ,N,N,N,J,N,KUNDER OVER 18 ÅR MED D-NUMMER     ,N,N,N,N,N,N,N,N,N,N,N
1801,46119801346,P,11110,Radoslaw Sigrunn                   ,Horpestad                          ,N,N,N,J,N,KUNDER OVER 18 ÅR MED D-NUMMER     ,N,N,N,N,N,N,N,N,N,N,N
1801,49084104778,P,35100,Britha Julian                      ,Stenvik                            ,N,N,N,J,N,KUNDER OVER 18 ÅR MED D-NUMMER     ,N,N,N,N,N,N,N,N,N,N,N
1801,45069805926,P,36800,Tommy Jorunn                       ,Håvik                              ,N,N,N,J,N,KUNDER OVER 18 ÅR MED D-NUMMER     ,N,N,N,N,N,N,N,N,N,N,N
1801,45087604539,P,51110,Ariana Stig                        ,Weberg                             ,N,N,N,J,N,KUNDER OVER 18 ÅR MED D-NUMMER     ,N,N,N,N,N,N,N,N,N,N,N
1801,62029108507,P,35000,Malena Maciej                      ,Jønsson                            ,N,N,N,J,N,KUNDER OVER 18 ÅR MED D-NUMMER     ,N,N,N,N,N,N,N,N,N,N,N
1801,56057510175,P,35000,Melinda Ionut                      ,Haukedal                           ,N,N,N,J,N,KUNDER OVER 18 ÅR MED D-NUMMER     ,N,N,N,N,N,N,N,N,N,N,N
1801,68014652152,P,56110,Willy Kornelia                     ,Bengtsson                          ,N,N,N,N,N,KUNDER OVER 18 ÅR MED D-NUMMER     ,N,N,N,N,N,N,N,N,N,N,N
1801,59107011131,P,36800,Mohamad Emilia                     ,Reinertsen                         ,N,N,N,J,N,KUNDER OVER 18 ÅR MED D-NUMMER     ,N,N,N,N,N,N,N,N,N,N,N
1801,49017178945,P,35900,Asif Hanne                         ,Storsve                            ,N,N,N,J,N,KUNDER OVER 18 ÅR MED D-NUMMER     ,N,N,N,N,N,N,N,N,N,N,N
1801,62029258975,P,11110,Sigita Ireneusz                    ,Grindhaug                          ,N,N,N,J,N,KUNDER OVER 18 ÅR MED D-NUMMER     ,N,N,N,N,N,N,N,N,N,N,N
1801,59097652397,P,11110,Herbjørg Sune                      ,Nybakken                           ,N,N,N,J,N,KUNDER OVER 18 ÅR MED D-NUMMER     ,N,N,N,N,N,N,N,N,N,N,N
1801,43059805615,P,35000,Boye Othilie                       ,Wilson                             ,N,N,N,J,N,KUNDER OVER 18 ÅR MED D-NUMMER     ,N,N,N,N,N,N,N,N,N,N,N
1801,62109703775,P,76110,Eivin Olina                        ,Lundby                             ,N,N,N,J,N,KUNDER OVER 18 ÅR MED D-NUMMER     ,N,N,N,N,N,N,N,N,N,N,N
1801,51090408031,P,37400,Tristan Sigrun                     ,Røe                                ,N,N,N,J,N,KUNDER OVER 18 ÅR MED D-NUMMER     ,N,N,N,N,N,N,N,N,N,N,N
1801,49038954368,P,11110,Uno Hana                           ,Dalsbø                             ,N,N,N,J,N,KUNDER OVER 18 ÅR MED D-NUMMER     ,N,N,N,N,N,N,N,N,N,N,N
1801,49046852531,P,36400,Frederick Annicken                 ,Rohde                              ,N,N,N,J,N,KUNDER OVER 18 ÅR MED D-NUMMER     ,N,N,N,N,N,N,N,N,N,N,N
1801,48089058956,P,47110,Trude Mathis                       ,Idland                             ,N,N,N,J,N,KUNDER OVER 18 ÅR MED D-NUMMER     ,N,N,N,N,N,N,N,N,N,N,N
1801,49057551622,P,51110,Stefanie Pieter                    ,Solheim                            ,N,N,N,J,N,KUNDER OVER 18 ÅR MED D-NUMMER     ,N,N,N,N,N,N,N,N,N,N,N
1801,62119205005,P,35900,Vaida Wiktor                       ,Tharaldsen                         ,N,N,N,J,N,KUNDER OVER 18 ÅR MED D-NUMMER     ,N,N,N,N,N,N,N,N,N,N,N
1801,44027200645,P,35900,Helga Benn                         ,Skjelvik                           ,N,N,N,J,N,KUNDER OVER 18 ÅR MED D-NUMMER     ,N,N,N,N,N,N,N,N,N,N,N
1801,54049803462,P,51110,Gerda Erik                         ,Dirdal                             ,N,N,N,J,N,KUNDER OVER 18 ÅR MED D-NUMMER     ,N,N,N,N,N,N,N,N,N,N,N
1801,56048658380,P,11110,Jens Anna                          ,Stålesen                           ,N,N,N,J,N,KUNDER OVER 18 ÅR MED D-NUMMER     ,N,N,N,N,N,N,N,N,N,N,N
1801,68079403486,P,51110,Margith Francisco                  ,Slåtten                            ,N,N,N,J,N,KUNDER OVER 18 ÅR MED D-NUMMER     ,N,N,N,N,N,N,N,N,N,N,N
1801,70106100711,P,51110,Mimmi Bjørn-Inge                   ,Kolnes                             ,N,N,N,J,N,KUNDER OVER 18 ÅR MED D-NUMMER     ,N,N,N,N,N,N,N,N,N,N,N
1801,61018004517,P,35000,Uno Hana                           ,Fosse                              ,J,N,N,N,N,KUNDER OVER 18 ÅR MED D-NUMMER     ,N,N,N,N,N,N,N,N,N,N,N
1801,59039356796,P,36400,Gudveig Tron                       ,Afzal                              ,N,N,N,J,N,KUNDER OVER 18 ÅR MED D-NUMMER     ,N,N,N,N,N,N,N,N,N,N,N
1801,65109706315,P,17110,Alena Rudi                         ,Gustavsen                          ,N,N,N,J,N,KUNDER OVER 18 ÅR MED D-NUMMER     ,N,N,N,N,N,N,N,N,N,N,N
1801,45049305366,P,16110,Malena Maciej                      ,Holtet                             ,N,N,N,J,N,KUNDER OVER 18 ÅR MED D-NUMMER     ,N,N,N,N,N,N,N,N,N,N,N
1801,46126105428,P,73110,Petras Ulrika                      ,Nelson                             ,N,N,N,J,N,KUNDER OVER 18 ÅR MED D-NUMMER     ,N,N,N,N,N,N,N,N,N,N,N
1801,58080052365,P,35000,Aigars Gretha                      ,Askvik                             ,N,N,N,J,N,KUNDER OVER 18 ÅR MED D-NUMMER     ,N,N,N,N,N,N,N,N,N,N,N
1801,50126907513,P,51110,Knud Anne-Kari                     ,Soltveit                           ,N,N,N,J,N,KUNDER OVER 18 ÅR MED D-NUMMER     ,N,N,N,N,N,N,N,N,N,N,N
1801,51086852741,P,35900,Janet Jack                         ,Indahl                             ,N,N,N,J,N,KUNDER OVER 18 ÅR MED D-NUMMER     ,N,N,N,N,N,N,N,N,N,N,N
1801,52029705232,P,11110,Torolf Inna                        ,Lynum                              ,N,N,N,J,N,KUNDER OVER 18 ÅR MED D-NUMMER     ,N,N,N,N,N,N,N,N,N,N,N
1801,58125652148,P,35000,Mary-Ann Sturle                    ,Melbø                              ,N,N,N,J,N,KUNDER OVER 18 ÅR MED D-NUMMER     ,N,N,N,N,N,N,N,N,N,N,N
1801,60076313299,P,51110,Dumitru Saima                      ,Samdal                             ,N,N,N,J,N,KUNDER OVER 18 ÅR MED D-NUMMER     ,N,N,N,N,N,N,N,N,N,N,N
1801,49105351703,P,35900,Norma Kolbein                      ,Indahl                             ,N,N,N,J,N,KUNDER OVER 18 ÅR MED D-NUMMER     ,N,N,N,N,N,N,N,N,N,N,N
1801,49067306391,P,35900,Oskar Nelly                        ,Stenberg                           ,N,N,N,J,N,KUNDER OVER 18 ÅR MED D-NUMMER     ,N,N,N,N,N,N,N,N,N,N,N
1801,56110105792,P,36800,Erland Vibecke                     ,Sagstad                            ,N,N,N,J,N,KUNDER OVER 18 ÅR MED D-NUMMER     ,N,N,N,N,N,N,N,N,N,N,N
1801,66069707220,P,51110,Bereket Gunnveig                   ,Ingebrigtsen                       ,N,N,N,J,N,KUNDER OVER 18 ÅR MED D-NUMMER     ,N,N,N,N,N,N,N,N,N,N,N
1801,58077777715,P,19110,Carita Mindaugas                   ,Skogheim                           ,N,N,N,J,N,KUNDER OVER 18 ÅR MED D-NUMMER     ,N,N,N,N,N,N,N,N,N,N,N
1801,47098551138,P,73110,Eilin Willy                        ,Valstad                            ,N,N,N,N,N,KUNDER OVER 18 ÅR MED D-NUMMER     ,N,N,N,N,N,N,N,N,N,N,N
1801,47046101568,P,73110,Kamil Gunbjørg                     ,Seland                             ,N,N,N,N,N,KUNDER OVER 18 ÅR MED D-NUMMER     ,N,N,N,N,N,N,N,N,N,N,N
1801,46080257678,P,51110,Joar Thilde                        ,Innvær                             ,N,N,N,J,N,KUNDER OVER 18 ÅR MED D-NUMMER     ,N,N,N,N,N,N,N,N,N,N,N
1801,43048050949,P,35100,Leila Joakim                       ,Adolfsen                           ,N,N,N,J,N,KUNDER OVER 18 ÅR MED D-NUMMER     ,N,N,N,N,N,N,N,N,N,N,N
1801,58109708877,P,35100,Jens Olina                         ,Høydal                             ,N,N,N,J,N,KUNDER OVER 18 ÅR MED D-NUMMER     ,N,N,N,N,N,N,N,N,N,N,N
1801,55016604975,P,79110,Gunlaug Aslak                      ,Sele                               ,N,N,N,J,N,KUNDER OVER 18 ÅR MED D-NUMMER     ,N,N,N,N,N,N,N,N,N,N,N
1801,65116607365,P,82190,Erle Thorleif                      ,Aulie                              ,N,N,N,J,N,KUNDER OVER 18 ÅR MED D-NUMMER     ,N,N,N,N,N,N,N,N,N,N,N
1801,54018106909,P,35100,Jan-Fredrik Viktorija              ,Isachsen                           ,N,N,N,J,N,KUNDER OVER 18 ÅR MED D-NUMMER     ,N,N,N,N,N,N,N,N,N,N,N
1801,42018505473,P,76110,Azad Arnfrid                       ,Unhjem                             ,N,N,N,J,N,KUNDER OVER 18 ÅR MED D-NUMMER     ,N,N,N,N,N,N,N,N,N,N,N
1801,45118578353,P,36800,Tadeusz Dagmar                     ,Roberg                             ,N,N,N,J,N,KUNDER OVER 18 ÅR MED D-NUMMER     ,N,N,N,N,N,N,N,N,N,N,N
1801,64108904389,P,35900,Åshild Ben                         ,Askeland                           ,N,N,N,J,N,KUNDER OVER 18 ÅR MED D-NUMMER     ,N,N,N,N,N,N,N,N,N,N,N
1801,51055605592,P,35900,Aadne Ann-Charlotte                ,Wagner                             ,N,N,N,J,N,KUNDER OVER 18 ÅR MED D-NUMMER     ,N,N,N,N,N,N,N,N,N,N,N
1801,59107101513,P,35100,Melanie Mladen                     ,Rosenvinge                         ,N,N,N,J,N,KUNDER OVER 18 ÅR MED D-NUMMER     ,N,N,N,N,N,N,N,N,N,N,N
1801,59049403474,P,35900,Agne Rune                          ,Furnes                             ,N,N,N,J,N,KUNDER OVER 18 ÅR MED D-NUMMER     ,N,N,N,N,N,N,N,N,N,N,N
1801,48028307376,P,11110,Kathleen Willy                     ,Utheim                             ,N,N,N,J,N,KUNDER OVER 18 ÅR MED D-NUMMER     ,N,N,N,N,N,N,N,N,N,N,N
1801,64125704504,P,35900,Sajjad Mimmi                       ,Walberg                            ,N,N,N,J,N,KUNDER OVER 18 ÅR MED D-NUMMER     ,N,N,N,N,N,N,N,N,N,N,N
1801,50047907745,P,31110,Biniam Mary                        ,Engebakken                         ,N,N,N,N,N,KUNDER OVER 18 ÅR MED D-NUMMER     ,N,N,N,N,N,N,N,N,N,N,N
1801,61078412320,P,17110,Rigmor Abdulahi                    ,Petterson                          ,N,N,N,J,N,KUNDER OVER 18 ÅR MED D-NUMMER     ,N,N,N,N,N,N,N,N,N,N,N
1801,65099375730,P,51110,Ole-Jacob Roza                     ,Størkersen                         ,N,N,N,J,N,KUNDER OVER 18 ÅR MED D-NUMMER     ,N,N,N,N,N,N,N,N,N,N,N
1801,53058756616,P,36800,Theresa Fernando                   ,Tønnessen                          ,N,N,N,J,N,KUNDER OVER 18 ÅR MED D-NUMMER     ,N,N,N,N,N,N,N,N,N,N,N
1801,59069805277,P,51110,Danuta Nicolae                     ,Hollund                            ,N,N,N,J,N,KUNDER OVER 18 ÅR MED D-NUMMER     ,N,N,N,N,N,N,N,N,N,N,N
1801,47047507320,P,35000,Gregor Katarina                    ,Osmundsen                          ,N,N,N,J,N,KUNDER OVER 18 ÅR MED D-NUMMER     ,N,N,N,N,N,N,N,N,N,N,N
1801,54035405073,P,35900,Lillann Oddmund                    ,Fimland                            ,N,N,N,J,N,KUNDER OVER 18 ÅR MED D-NUMMER     ,N,N,N,N,N,N,N,N,N,N,N
1801,57105801434,P,14110,Kristofer Asta                     ,Stensrud                           ,N,N,N,J,N,KUNDER OVER 18 ÅR MED D-NUMMER     ,N,N,N,N,N,N,N,N,N,N,N
1801,50068875932,P,35000,Gordon Andreea                     ,Betten                             ,N,N,N,J,N,KUNDER OVER 18 ÅR MED D-NUMMER     ,N,N,N,N,N,N,N,N,N,N,N
1801,55037454965,P,11110,Beata Rachid                       ,Bratli                             ,N,N,N,J,N,KUNDER OVER 18 ÅR MED D-NUMMER     ,N,N,N,N,N,N,N,N,N,N,N
1801,46099103493,P,51110,Ben Monika                         ,Teien                              ,N,N,N,J,N,KUNDER OVER 18 ÅR MED D-NUMMER     ,N,N,N,N,N,N,N,N,N,N,N
1801,42099706338,P,35000,Rimantas Olaug                     ,Wist                               ,N,N,N,J,N,KUNDER OVER 18 ÅR MED D-NUMMER     ,N,N,N,N,N,N,N,N,N,N,N
1801,45078406112,P,35100,Joar Leona                         ,Landrø                             ,N,N,N,J,N,KUNDER OVER 18 ÅR MED D-NUMMER     ,N,N,N,N,N,N,N,N,N,N,N
1801,53029401701,P,35000,Heine Anne-Kristin                 ,Viddal                             ,N,N,N,J,N,KUNDER OVER 18 ÅR MED D-NUMMER     ,N,N,N,N,N,N,N,N,N,N,N
1801,71077601559,P,35000,Bertha Thom                        ,Rystad                             ,N,N,N,J,N,KUNDER OVER 18 ÅR MED D-NUMMER     ,N,N,N,N,N,N,N,N,N,N,N
1801,46077206787,P,35900,Oddfrid Aleksandrs                 ,Gåsland                            ,N,N,N,J,N,KUNDER OVER 18 ÅR MED D-NUMMER     ,N,N,N,N,N,N,N,N,N,N,N
1801,49017203788,P,35900,Ernestas Neda                      ,Askeland                           ,N,N,N,J,N,KUNDER OVER 18 ÅR MED D-NUMMER     ,N,N,N,N,N,N,N,N,N,N,N
1801,48019900250,P,11110,Lin Søren                          ,Mjøen                              ,N,N,N,J,N,KUNDER OVER 18 ÅR MED D-NUMMER     ,N,N,N,N,N,N,N,N,N,N,N
1801,53035003998,P,11110,Solbjørg Ted                       ,Harsvik                            ,N,N,N,J,N,KUNDER OVER 18 ÅR MED D-NUMMER     ,N,N,N,N,N,N,N,N,N,N,N
1801,59067358559,P,11110,Håvard Emma                        ,Grimstad                           ,N,N,N,J,N,KUNDER OVER 18 ÅR MED D-NUMMER     ,N,N,N,N,N,N,N,N,N,N,N
1801,42115255902,P,35900,Rino Konstanse                     ,Wagner                             ,N,N,N,J,N,KUNDER OVER 18 ÅR MED D-NUMMER     ,N,N,N,N,N,N,N,N,N,N,N
1801,43049900326,P,37500,Jens Gry                           ,Evenrud                            ,N,N,N,J,N,KUNDER OVER 18 ÅR MED D-NUMMER     ,N,N,N,N,N,N,N,N,N,N,N
1801,62118578126,P,35000,Lucas Agne                         ,Hordvik                            ,N,N,N,J,N,KUNDER OVER 18 ÅR MED D-NUMMER     ,N,N,N,N,N,N,N,N,N,N,N
1801,52098506853,P,35000,Jasmina Thormod                    ,Bertheussen                        ,N,N,N,J,N,KUNDER OVER 18 ÅR MED D-NUMMER     ,N,N,N,N,N,N,N,N,N,N,N
1801,56075856720,P,35900,Turi Florian                       ,Baltzersen                         ,N,N,N,J,N,KUNDER OVER 18 ÅR MED D-NUMMER     ,N,N,N,N,N,N,N,N,N,N,N
1801,50027903158,P,11110,Normann Emilia                     ,Harsvik                            ,N,N,N,J,N,KUNDER OVER 18 ÅR MED D-NUMMER     ,N,N,N,N,N,N,N,N,N,N,N
1801,64037455367,P,11110,Herman Alisa                       ,Sjølie                             ,N,N,N,J,N,KUNDER OVER 18 ÅR MED D-NUMMER     ,N,N,N,N,N,N,N,N,N,N,N
1801,67017350134,P,36500,Willy Kari-Ann                     ,Askeland                           ,N,N,N,N,N,KUNDER OVER 18 ÅR MED D-NUMMER     ,N,N,N,N,N,N,N,N,N,N,N
1801,66047451303,P,35000,Donatas Liliana                    ,Sommerstad                         ,N,N,N,J,N,KUNDER OVER 18 ÅR MED D-NUMMER     ,N,N,N,N,N,N,N,N,N,N,N
1801,62048378973,P,35500,Annichen Jan-Inge                  ,Mikalsen                           ,N,N,N,J,N,KUNDER OVER 18 ÅR MED D-NUMMER     ,N,N,N,N,N,N,N,N,N,N,N
1801,52089306930,P,78110,Christel Tron                      ,Aarvik                             ,N,N,N,J,N,KUNDER OVER 18 ÅR MED D-NUMMER     ,N,N,N,N,N,N,N,N,N,N,N
1801,41056207900,P,41110,Pernille Sivert                    ,Nowak                              ,N,N,N,J,N,KUNDER OVER 18 ÅR MED D-NUMMER     ,N,N,N,N,N,N,N,N,N,N,N
1801,62097956702,P,35900,Rosita Umar                        ,Refvik                             ,N,N,N,J,N,KUNDER OVER 18 ÅR MED D-NUMMER     ,N,N,N,N,N,N,N,N,N,N,N
1801,68048256345,P,51110,Willy Kateryna                     ,Skarshaug                          ,N,N,N,J,N,KUNDER OVER 18 ÅR MED D-NUMMER     ,N,N,N,N,N,N,N,N,N,N,N
1801,52018277360,P,11110,Tyra Borger                        ,Askeland                           ,N,N,N,J,N,KUNDER OVER 18 ÅR MED D-NUMMER     ,N,N,N,N,N,N,N,N,N,N,N
1801,60057205345,P,35900,Lilja Evert                        ,Bones                              ,N,N,N,J,N,KUNDER OVER 18 ÅR MED D-NUMMER     ,N,N,N,N,N,N,N,N,N,N,N
1801,44117703735,P,35900,Martin Eira                        ,Valstad                            ,N,N,N,J,N,KUNDER OVER 18 ÅR MED D-NUMMER     ,N,N,N,N,N,N,N,N,N,N,N
1801,47057575510,P,14110,Eystein Signhild                   ,Olden                              ,N,N,N,J,N,KUNDER OVER 18 ÅR MED D-NUMMER     ,N,N,N,N,N,N,N,N,N,N,N
1801,45128656166,P,11110,Agnes Noel                         ,Becker                             ,N,N,N,J,N,KUNDER OVER 18 ÅR MED D-NUMMER     ,N,N,N,N,N,N,N,N,N,N,N
1801,61068901579,P,36500,Christa Kolbein                    ,Abraham                            ,N,N,N,J,N,KUNDER OVER 18 ÅR MED D-NUMMER     ,N,N,N,N,N,N,N,N,N,N,N
1801,67109703327,P,31110,Ramunas Thi                        ,Aune                               ,N,N,N,J,N,KUNDER OVER 18 ÅR MED D-NUMMER     ,N,N,N,N,N,N,N,N,N,N,N
1801,62109401973,P,36400,Gordon Matilda                     ,Hustveit                           ,N,N,N,J,N,KUNDER OVER 18 ÅR MED D-NUMMER     ,N,N,N,N,N,N,N,N,N,N,N
1801,43017077520,P,37600,An-Magritt Arthur                  ,Rokstad                            ,N,N,N,J,N,KUNDER OVER 18 ÅR MED D-NUMMER     ,N,N,N,N,N,N,N,N,N,N,N
1801,61086206381,P,51110,Signe Thom                         ,Jordal                             ,N,N,N,J,N,KUNDER OVER 18 ÅR MED D-NUMMER     ,N,N,N,N,N,N,N,N,N,N,N
1801,50078405314,P,35900,Henny Kim-Andre                    ,Sheikh                             ,N,N,N,J,N,KUNDER OVER 18 ÅR MED D-NUMMER     ,N,N,N,N,N,N,N,N,N,N,N
1801,41029900459,P,11110,Willy Daniella                     ,Melby                              ,N,N,N,J,N,KUNDER OVER 18 ÅR MED D-NUMMER     ,N,N,N,N,N,N,N,N,N,N,N
1801,62116715088,P,37200,Oskar Anke                         ,Kjeldsen                           ,N,N,N,N,N,KUNDER OVER 18 ÅR MED D-NUMMER     ,N,N,N,N,N,N,N,N,N,N,N
1801,64046613994,B,35400,Arja Roald                         ,Vilhelmsen                         ,N,N,N,J,N,KUNDER OVER 18 ÅR MED D-NUMMER     ,N,N,N,N,N,N,N,N,N,N,N
1801,63127176576,P,35900,Hjørdis Thorleif                   ,Sporsheim                          ,N,N,N,J,N,KUNDER OVER 18 ÅR MED D-NUMMER     ,N,N,N,N,N,N,N,N,N,N,N
1801,42035907615,P,18110,Stein Mariel                       ,Refsnes                            ,N,N,N,J,N,KUNDER OVER 18 ÅR MED D-NUMMER     ,N,N,N,N,N,N,N,N,N,N,N
1801,66037352943,P,11110,Julio Jane                         ,Mohn                               ,N,N,N,J,N,KUNDER OVER 18 ÅR MED D-NUMMER     ,N,N,N,N,N,N,N,N,N,N,N
1801,56110106233,P,11110,Knut-Erik Dagmar                   ,Khan                               ,N,N,N,J,N,KUNDER OVER 18 ÅR MED D-NUMMER     ,N,N,N,N,N,N,N,N,N,N,N
1801,52050108562,P,51110,Anisa Gudbrand                     ,Lillebø                            ,N,N,N,J,N,KUNDER OVER 18 ÅR MED D-NUMMER     ,N,N,N,N,N,N,N,N,N,N,N
1801,50128308277,P,31110,Curt Amela                         ,Bergstrøm                          ,N,N,N,J,N,KUNDER OVER 18 ÅR MED D-NUMMER     ,N,N,N,N,N,N,N,N,N,N,N
1801,53129703209,P,35000,Aslak Synneve                      ,Frøyen                             ,N,N,N,J,N,KUNDER OVER 18 ÅR MED D-NUMMER     ,N,N,N,N,N,N,N,N,N,N,N
1801,44089704305,P,67248,Dyveke Pieter                      ,Terjesen                           ,N,N,N,J,N,KUNDER OVER 18 ÅR MED D-NUMMER     ,N,N,N,N,N,N,N,N,N,N,N
1801,54106958559,P,35000,Nerijus Ann-Mari                   ,Valen                              ,N,N,N,J,N,KUNDER OVER 18 ÅR MED D-NUMMER     ,N,N,N,N,N,N,N,N,N,N,N
1801,50120477347,P,36300,Gretha Istvan                      ,Ebbesen                            ,N,N,N,J,N,KUNDER OVER 18 ÅR MED D-NUMMER     ,N,N,N,N,N,N,N,N,N,N,N
1801,58089352604,P,35000,Vivi-Ann Joakim                    ,Hellem                             ,N,N,N,J,N,KUNDER OVER 18 ÅR MED D-NUMMER     ,N,N,N,N,N,N,N,N,N,N,N
1801,58029508362,P,11110,Fredrik Matilda                    ,Rovik                              ,N,N,N,J,N,KUNDER OVER 18 ÅR MED D-NUMMER     ,N,N,N,N,N,N,N,N,N,N,N
1801,63046907886,P,11110,Werner Margrete                    ,Askeland                           ,N,N,N,J,N,KUNDER OVER 18 ÅR MED D-NUMMER     ,N,N,N,N,N,N,N,N,N,N,N
1801,49039503181,P,35400,Frithjof Beata                     ,Størkersen                         ,N,N,N,J,N,KUNDER OVER 18 ÅR MED D-NUMMER     ,N,N,N,N,N,N,N,N,N,N,N
1801,45077054719,P,35900,Jorge Justyna                      ,Askeland                           ,N,N,N,J,N,KUNDER OVER 18 ÅR MED D-NUMMER     ,N,N,N,N,N,N,N,N,N,N,N
1801,62048201925,P,11110,Tahira Thorgeir                    ,Grønberg                           ,N,N,N,N,N,KUNDER OVER 18 ÅR MED D-NUMMER     ,N,N,N,N,N,N,N,N,N,N,N
1801,48110407400,P,35500,Zlatko Alette                      ,Ernstsen                           ,N,N,N,J,N,KUNDER OVER 18 ÅR MED D-NUMMER     ,N,N,N,N,N,N,N,N,N,N,N
1801,45059707764,P,36800,Madelen Francisco                  ,Kvien                              ,N,N,N,J,N,KUNDER OVER 18 ÅR MED D-NUMMER     ,N,N,N,N,N,N,N,N,N,N,N
1801,41036200519,P,35900,Sead Reidun                        ,Kristiansen                        ,N,N,N,J,N,KUNDER OVER 18 ÅR MED D-NUMMER     ,N,N,N,N,N,N,N,N,N,N,N
1801,49067901753,P,36800,Gretha Istvan                      ,Thorshaug                          ,N,N,N,J,N,KUNDER OVER 18 ÅR MED D-NUMMER     ,N,N,N,N,N,N,N,N,N,N,N
1801,59086052010,P,52110,Carola Leon                        ,Halvorsen                          ,N,N,N,J,N,KUNDER OVER 18 ÅR MED D-NUMMER     ,N,N,N,N,N,N,N,N,N,N,N
1801,68079253972,P,31110,Yosef Tahira                       ,Haddal                             ,N,N,N,J,N,KUNDER OVER 18 ÅR MED D-NUMMER     ,N,N,N,N,N,N,N,N,N,N,N
1801,51118352126,P,35400,Jorge Audhild                      ,Furre                              ,N,N,N,J,N,KUNDER OVER 18 ÅR MED D-NUMMER     ,N,N,N,N,N,N,N,N,N,N,N
1801,65079178785,P,35900,Abdirashid Mira                    ,Risvik                             ,N,N,N,J,N,KUNDER OVER 18 ÅR MED D-NUMMER     ,N,N,N,N,N,N,N,N,N,N,N
1801,62015501176,P,35900,Rodrigo Ann-Elise                  ,Berg                               ,N,N,N,J,N,KUNDER OVER 18 ÅR MED D-NUMMER     ,N,N,N,N,N,N,N,N,N,N,N
1801,55110106466,P,51110,Iwona Valentin                     ,Nore                               ,N,N,N,J,N,KUNDER OVER 18 ÅR MED D-NUMMER     ,N,N,N,N,N,N,N,N,N,N,N
1801,45129203483,P,76110,Ramona Ivo                         ,Ulstein                            ,N,N,N,J,N,KUNDER OVER 18 ÅR MED D-NUMMER     ,N,N,N,N,N,N,N,N,N,N,N
1801,48107677731,P,35000,Eira Janne                         ,Wangen                             ,N,N,N,J,N,KUNDER OVER 18 ÅR MED D-NUMMER     ,N,N,N,N,N,N,N,N,N,N,N
1801,47119501918,P,51110,Norah Torbjørn                     ,Riiser                             ,N,N,N,J,N,KUNDER OVER 18 ÅR MED D-NUMMER     ,N,N,N,N,N,N,N,N,N,N,N
1801,66049200782,P,35500,Azad Jurate                        ,Markussen                          ,N,N,N,J,N,KUNDER OVER 18 ÅR MED D-NUMMER     ,N,N,N,N,N,N,N,N,N,N,N
1801,54099100500,P,16110,Tom-Arne Alina                     ,Lundemo                            ,N,N,N,J,N,KUNDER OVER 18 ÅR MED D-NUMMER     ,N,N,N,N,N,N,N,N,N,N,N
1801,42116316018,P,16110,Carita Mindaugas                   ,Grav                               ,N,N,N,J,N,KUNDER OVER 18 ÅR MED D-NUMMER     ,N,N,N,N,N,N,N,N,N,N,N
1801,57058402089,P,35000,Simone Christer                    ,Vatland                            ,N,N,N,J,N,KUNDER OVER 18 ÅR MED D-NUMMER     ,N,N,N,N,N,N,N,N,N,N,N
1801,70076305984,P,35900,Glen Rebecca                       ,Engebakken                         ,N,N,N,J,N,KUNDER OVER 18 ÅR MED D-NUMMER     ,N,N,N,N,N,N,N,N,N,N,N
1801,62047652869,P,35900,Weronica Bjørge                    ,Runde                              ,N,N,N,J,N,KUNDER OVER 18 ÅR MED D-NUMMER     ,N,N,N,N,N,N,N,N,N,N,N
1801,59059257034,P,11110,Carola Hans-Christian              ,Gustad                             ,N,N,N,J,N,KUNDER OVER 18 ÅR MED D-NUMMER     ,N,N,N,N,N,N,N,N,N,N,N
1801,50098457671,P,36800,Ingve Svitlana                     ,Opsahl                             ,N,N,N,J,N,KUNDER OVER 18 ÅR MED D-NUMMER     ,N,N,N,N,N,N,N,N,N,N,N
1801,67078175173,P,37200,Afrim Velaug                       ,Wennevold                          ,N,N,N,J,N,KUNDER OVER 18 ÅR MED D-NUMMER     ,N,N,N,N,N,N,N,N,N,N,N
1801,57027601490,P,35900,Geir Ingegjerd                     ,Lynum                              ,N,N,N,J,N,KUNDER OVER 18 ÅR MED D-NUMMER     ,N,N,N,N,N,N,N,N,N,N,N
1801,57125954172,P,73110,Anne-Katrine Bernt                 ,Yilmaz                             ,N,N,N,J,N,KUNDER OVER 18 ÅR MED D-NUMMER     ,N,N,N,N,N,N,N,N,N,N,N
1801,69106603804,P,11110,Rimantas Nicola                    ,Ausland                            ,N,N,N,J,N,KUNDER OVER 18 ÅR MED D-NUMMER     ,N,N,N,N,N,N,N,N,N,N,N
1801,64128975363,P,14110,Margit Jorulf                      ,Rygg                               ,N,N,N,J,N,KUNDER OVER 18 ÅR MED D-NUMMER     ,N,N,N,N,N,N,N,N,N,N,N
1801,68127677259,P,35900,Yasmin Matias                      ,Hamre                              ,N,N,N,J,N,KUNDER OVER 18 ÅR MED D-NUMMER     ,N,N,N,N,N,N,N,N,N,N,N
1801,68109408461,P,67248,Asif Stina                         ,Madland                            ,N,N,N,J,N,KUNDER OVER 18 ÅR MED D-NUMMER     ,N,N,N,N,N,N,N,N,N,N,N
1801,51125851766,P,71110,Margot Thorolf                     ,Brekken                            ,N,N,N,N,N,KUNDER OVER 18 ÅR MED D-NUMMER     ,N,N,N,N,N,N,N,N,N,N,N
1801,46038954350,P,35000,Lotte Jorulf                       ,Krohn                              ,N,N,N,J,N,KUNDER OVER 18 ÅR MED D-NUMMER     ,N,N,N,N,N,N,N,N,N,N,N
1801,58047175729,P,36800,Maksim Selma                       ,Pettersson                         ,N,N,N,J,N,KUNDER OVER 18 ÅR MED D-NUMMER     ,N,N,N,N,N,N,N,N,N,N,N
1801,62039200584,P,67204,Ernestas Liza                      ,Kvaal                              ,N,N,N,J,N,KUNDER OVER 18 ÅR MED D-NUMMER     ,N,N,N,N,N,N,N,N,N,N,N
1801,41016076579,P,35900,Dordi Torsten                      ,Rognes                             ,N,N,N,J,N,KUNDER OVER 18 ÅR MED D-NUMMER     ,N,N,N,N,N,N,N,N,N,N,N
1801,47108975500,P,51110,Harald Wilma                       ,Stensen                            ,N,N,N,J,N,KUNDER OVER 18 ÅR MED D-NUMMER     ,N,N,N,N,N,N,N,N,N,N,N
1801,44056202193,P,35900,Sylva Christen                     ,Ekeberg                            ,N,N,N,J,N,KUNDER OVER 18 ÅR MED D-NUMMER     ,N,N,N,N,N,N,N,N,N,N,N
1801,58029706121,P,16110,Usman Jessie                       ,Vo                                 ,N,N,N,J,N,KUNDER OVER 18 ÅR MED D-NUMMER     ,N,N,N,N,N,N,N,N,N,N,N
1801,66059602919,P,35100,Claudia Berhane                    ,Mandelid                           ,N,N,N,J,N,KUNDER OVER 18 ÅR MED D-NUMMER     ,N,N,N,N,N,N,N,N,N,N,N
1801,42025607753,P,35900,Anstein Jasmine                    ,Thompson                           ,N,N,N,J,N,KUNDER OVER 18 ÅR MED D-NUMMER     ,N,N,N,N,N,N,N,N,N,N,N
1801,57058800203,P,11110,Lilia Carsten                      ,Mikalsen                           ,N,J,N,J,N,KUNDER OVER 18 ÅR MED D-NUMMER     ,N,N,N,N,N,N,N,N,N,N,N
1801,57117003010,P,35900,Andres Othilie                     ,Havn                               ,N,N,N,J,N,KUNDER OVER 18 ÅR MED D-NUMMER     ,N,N,N,N,N,N,N,N,N,N,N
1801,58020208609,P,51110,Oluf Elfrid                        ,Fagerheim                          ,N,N,N,J,N,KUNDER OVER 18 ÅR MED D-NUMMER     ,N,N,N,N,N,N,N,N,N,N,N
1801,53034751737,P,31110,Szymon Irja                        ,Engebakken                         ,N,N,N,N,N,KUNDER OVER 18 ÅR MED D-NUMMER     ,N,N,N,N,N,N,N,N,N,N,N
1801,46045803104,P,71110,Ingmar Nikoline                    ,Røstad                             ,N,N,N,J,N,KUNDER OVER 18 ÅR MED D-NUMMER     ,N,N,N,N,N,N,N,N,N,N,N
1801,50107677043,P,36800,Tommy Katherine                    ,Amdahl                             ,N,N,N,J,N,KUNDER OVER 18 ÅR MED D-NUMMER     ,N,N,N,N,N,N,N,N,N,N,N
1801,66076407364,P,35900,Salih Nathalie                     ,Soltveit                           ,N,N,N,J,N,KUNDER OVER 18 ÅR MED D-NUMMER     ,N,N,N,N,N,N,N,N,N,N,N
1801,59097005243,P,35900,Lis Kolbein                        ,Hasund                             ,N,N,N,J,N,KUNDER OVER 18 ÅR MED D-NUMMER     ,N,N,N,N,N,N,N,N,N,N,N
1801,68058701843,P,35900,Ådne Anisa                         ,Hylland                            ,N,N,N,J,N,KUNDER OVER 18 ÅR MED D-NUMMER     ,N,N,N,N,N,N,N,N,N,N,N
1801,54108855366,P,35100,Kai Tale                           ,Ahmed                              ,N,N,N,J,N,KUNDER OVER 18 ÅR MED D-NUMMER     ,N,N,N,N,N,N,N,N,N,N,N
1801,56037175175,P,35900,Gerda Umar                         ,Fedje                              ,N,N,N,J,N,KUNDER OVER 18 ÅR MED D-NUMMER     ,N,N,N,N,N,N,N,N,N,N,N
1801,41089202726,P,35500,Grace Syed                         ,Dalaker                            ,N,N,N,J,N,KUNDER OVER 18 ÅR MED D-NUMMER     ,N,N,N,N,N,N,N,N,N,N,N
1801,44106707224,P,71110,Margun Yosef                       ,Digernes                           ,N,N,N,J,N,KUNDER OVER 18 ÅR MED D-NUMMER     ,N,N,N,N,N,N,N,N,N,N,N
1801,50058907178,P,35900,Mattis Tilla                       ,Torvund                            ,N,N,N,J,N,KUNDER OVER 18 ÅR MED D-NUMMER     ,N,N,N,N,N,N,N,N,N,N,N
1801,58044953089,P,51110,Lynn Cesar                         ,Aarstad                            ,N,N,N,J,N,KUNDER OVER 18 ÅR MED D-NUMMER     ,N,N,N,N,N,N,N,N,N,N,N
1801,60049200172,P,14110,Stener Silvana                     ,Aamot                              ,N,N,N,J,N,KUNDER OVER 18 ÅR MED D-NUMMER     ,N,N,N,N,N,N,N,N,N,N,N
1801,51098201460,P,51110,Harald Kaja                        ,Bugge                              ,N,N,N,J,N,KUNDER OVER 18 ÅR MED D-NUMMER     ,N,N,N,N,N,N,N,N,N,N,N
1801,59125558946,P,35900,Asha Sture                         ,Becker                             ,N,N,N,J,N,KUNDER OVER 18 ÅR MED D-NUMMER     ,N,N,N,N,N,N,N,N,N,N,N
1801,62027357550,P,51110,Anne-Gro Asbjørn                   ,Smistad                            ,N,N,N,J,N,KUNDER OVER 18 ÅR MED D-NUMMER     ,N,N,N,N,N,N,N,N,N,N,N
1801,43107555294,P,76110,Steven Jasmina                     ,Løvland                            ,N,N,N,J,N,KUNDER OVER 18 ÅR MED D-NUMMER     ,N,N,N,N,N,N,N,N,N,N,N
1801,64110350501,P,11110,Karsten Sahar                      ,Haugvaldstad                       ,N,N,N,J,N,KUNDER OVER 18 ÅR MED D-NUMMER     ,N,N,N,N,N,N,N,N,N,N,N
1801,45019808185,P,16110,Torolf Konsulent                   ,Lunden                             ,N,N,N,J,N,KUNDER OVER 18 ÅR MED D-NUMMER     ,N,N,N,N,N,N,N,N,N,N,N
1801,51095854633,P,52110,Judith Edward                      ,With                               ,N,N,N,J,N,KUNDER OVER 18 ÅR MED D-NUMMER     ,N,N,N,N,N,N,N,N,N,N,N
1801,55079004641,P,35900,Wojciech Paola                     ,Lervåg                             ,N,N,N,J,N,KUNDER OVER 18 ÅR MED D-NUMMER     ,N,N,N,N,N,N,N,N,N,N,N
1801,60128702108,P,11110,Janicke Melvin                     ,Skarstein                          ,N,N,N,J,N,KUNDER OVER 18 ÅR MED D-NUMMER     ,N,N,N,N,N,N,N,N,N,N,N
1801,66090256220,P,36300,Ester Mladen                       ,Røkke                              ,N,N,N,J,N,KUNDER OVER 18 ÅR MED D-NUMMER     ,N,N,N,N,N,N,N,N,N,N,N
1801,48015607435,P,41110,Danijela Steingrim                 ,Buljo                              ,N,N,N,N,N,KUNDER OVER 18 ÅR MED D-NUMMER     ,N,N,N,N,N,N,N,N,N,N,N
1801,62026703722,P,35900,Iben Bella                         ,Lindås                             ,N,N,N,J,N,KUNDER OVER 18 ÅR MED D-NUMMER     ,N,N,N,N,N,N,N,N,N,N,N
1801,65076657704,P,26110,Dumitru Antonia                    ,Emblem                             ,N,N,N,J,N,KUNDER OVER 18 ÅR MED D-NUMMER     ,N,N,N,N,N,N,N,N,N,N,N
1801,53038976199,P,35000,Gudbjørg Christer                  ,Solberg                            ,N,N,N,J,N,KUNDER OVER 18 ÅR MED D-NUMMER     ,N,N,N,N,N,N,N,N,N,N,N
1801,56116306587,P,11110,Jeremy Katerina                    ,Gregersen                          ,N,N,N,J,N,KUNDER OVER 18 ÅR MED D-NUMMER     ,N,N,N,N,N,N,N,N,N,N,N
1801,57117950702,P,37500,Jafar Velaug                       ,Bjørkli                            ,N,N,N,J,N,KUNDER OVER 18 ÅR MED D-NUMMER     ,N,N,N,N,N,N,N,N,N,N,N
1801,55096900502,P,36400,Milda Evert                        ,Rødseth                            ,N,N,N,J,N,KUNDER OVER 18 ÅR MED D-NUMMER     ,N,N,N,N,N,N,N,N,N,N,N
1801,57088056959,P,36300,Shahla Jan-Roger                   ,Mjøs                               ,N,N,N,J,N,KUNDER OVER 18 ÅR MED D-NUMMER     ,N,N,N,N,N,N,N,N,N,N,N
1801,68097075305,P,51110,Ravn Edith                         ,Thorsrud                           ,N,N,N,J,N,KUNDER OVER 18 ÅR MED D-NUMMER     ,N,N,N,N,N,N,N,N,N,N,N
1801,41068976381,P,35900,Katrine Hallstein                  ,Lier                               ,N,N,N,J,N,KUNDER OVER 18 ÅR MED D-NUMMER     ,N,N,N,N,N,N,N,N,N,N,N
