4519,60107607156,P,00102,Edgar Aria                         ,Noreng                             ,N,N,N,J,N,KUNDER OVER 18 ÅR MED D-NUMMER     ,N,N,N,N,N,N,N,N,N,N,N
4519,50128306851,P,00102,Aslak Christiane                   ,Walseth                            ,N,N,N,J,N,KUNDER OVER 18 ÅR MED D-NUMMER     ,N,N,N,N,N,N,N,N,N,N,N
4519,41047455993,P,00102,Ebba Romualdas                     ,Malm                               ,N,N,N,J,N,KUNDER OVER 18 ÅR MED D-NUMMER     ,N,N,N,N,N,N,N,N,N,N,N
4519,65035603861,P,00102,Steffan Fanny                      ,Bakke                              ,N,J,N,J,N,KUNDER OVER 18 ÅR MED D-NUMMER     ,N,N,N,N,N,N,N,N,N,N,N
4519,68038176793,P,01200,Iris Abdulahi                      ,Stokken                            ,N,N,N,J,N,KUNDER OVER 18 ÅR MED D-NUMMER     ,N,N,N,N,N,N,N,N,N,N,N
4519,68068557848,P,00102,Wieslaw Viktoria                   ,Hatlen                             ,N,N,N,J,N,KUNDER OVER 18 ÅR MED D-NUMMER     ,N,N,N,N,N,N,N,N,N,N,N
4519,47058900334,P,00102,Vivi Aadne                         ,Enger                              ,N,N,N,J,N,KUNDER OVER 18 ÅR MED D-NUMMER     ,N,N,N,N,N,N,N,N,N,N,N
4519,63108953308,P,00102,Olga Kato                          ,Jonsson                            ,N,N,N,J,N,KUNDER OVER 18 ÅR MED D-NUMMER     ,N,N,N,N,N,N,N,N,N,N,N
4519,50069007209,P,00900,Susanna Sverre                     ,Ekrem                              ,N,N,N,J,N,KUNDER OVER 18 ÅR MED D-NUMMER     ,N,N,N,N,N,N,N,N,N,N,N
4519,45028306303,B,01200,Oskar Elham                        ,Bauer                              ,N,N,N,J,N,KUNDER OVER 18 ÅR MED D-NUMMER     ,N,N,N,N,N,N,N,N,N,N,N
4519,64028406337,P,00102,Oskar Gullborg                     ,Rikstad                            ,N,N,N,J,N,KUNDER OVER 18 ÅR MED D-NUMMER     ,N,N,N,N,N,N,N,N,N,N,N
4519,71058600703,P,00102,Ingve Carita                       ,Belsvik                            ,N,N,N,J,N,KUNDER OVER 18 ÅR MED D-NUMMER     ,N,N,N,N,N,N,N,N,N,N,N
4519,43099408597,P,00102,Aline Istvan                       ,Kaspersen                          ,N,N,N,J,N,KUNDER OVER 18 ÅR MED D-NUMMER     ,N,N,N,N,N,N,N,N,N,N,N
4519,45117077385,P,00102,Sead Alina                         ,Kverneland                         ,N,N,N,J,N,KUNDER OVER 18 ÅR MED D-NUMMER     ,N,N,N,N,N,N,N,N,N,N,N
4519,43048103074,P,00102,Thuy Ingvard                       ,Engebakken                         ,N,N,N,J,N,KUNDER OVER 18 ÅR MED D-NUMMER     ,N,N,N,N,N,N,N,N,N,N,N
4519,57037805787,P,00102,Else-Marie Duy                     ,Monstad                            ,N,N,N,J,N,KUNDER OVER 18 ÅR MED D-NUMMER     ,N,N,N,N,N,N,N,N,N,N,N
4519,64028677373,P,00102,Lilly Sigve                        ,Nervik                             ,N,N,N,J,N,KUNDER OVER 18 ÅR MED D-NUMMER     ,N,N,N,N,N,N,N,N,N,N,N
4519,67128150916,P,01200,Heiko Gro-Anita                    ,Wojcik                             ,N,N,N,N,N,KUNDER OVER 18 ÅR MED D-NUMMER     ,N,N,N,N,N,N,N,N,N,N,N
4519,44126558756,P,01200,Kai Elham                          ,Isaksen                            ,N,N,N,J,N,KUNDER OVER 18 ÅR MED D-NUMMER     ,N,N,N,N,N,N,N,N,N,N,N
4519,60119151794,P,00102,Salih Unn                          ,Bell                               ,N,N,N,J,N,KUNDER OVER 18 ÅR MED D-NUMMER     ,N,N,N,N,N,N,N,N,N,N,N
4519,52067803337,P,01200,Yassin Leyla                       ,Svanes                             ,N,N,N,J,N,KUNDER OVER 18 ÅR MED D-NUMMER     ,N,N,N,N,N,N,N,N,N,N,N
4519,47069406714,P,00102,Petr Marja                         ,Harestad                           ,N,N,N,J,N,KUNDER OVER 18 ÅR MED D-NUMMER     ,N,N,N,N,N,N,N,N,N,N,N
4519,64089507624,P,00900,Katrin Kris                        ,Haugli                             ,N,N,N,J,N,KUNDER OVER 18 ÅR MED D-NUMMER     ,N,N,N,N,N,N,N,N,N,N,N
4519,68057976369,P,01200,Victoria Ahmed                     ,Ramstad                            ,N,N,N,J,N,KUNDER OVER 18 ÅR MED D-NUMMER     ,N,N,N,N,N,N,N,N,N,N,N
4519,50106758066,P,00102,Rosa Aleksandrs                    ,Tengesdal                          ,N,N,N,J,N,KUNDER OVER 18 ÅR MED D-NUMMER     ,N,N,N,N,N,N,N,N,N,N,N
4519,55027853055,P,00102,Hennie Bent                        ,Nystuen                            ,N,N,N,J,N,KUNDER OVER 18 ÅR MED D-NUMMER     ,N,N,N,N,N,N,N,N,N,N,N
4519,58025904301,P,00102,Leona Roald                        ,Herigstad                          ,N,N,N,J,N,KUNDER OVER 18 ÅR MED D-NUMMER     ,N,N,N,N,N,N,N,N,N,N,N
4519,50059403866,P,00800,Bjarte Hedda                       ,Gregersen                          ,N,N,N,J,N,KUNDER OVER 18 ÅR MED D-NUMMER     ,N,N,N,N,N,N,N,N,N,N,N
4519,58100155360,P,01200,Åsne Øyvind                        ,Sagstad                            ,N,N,N,J,N,KUNDER OVER 18 ÅR MED D-NUMMER     ,N,N,N,N,N,N,N,N,N,N,N
4519,48065158984,P,01200,Marian Julio                       ,Neverdal                           ,N,N,N,J,N,KUNDER OVER 18 ÅR MED D-NUMMER     ,N,N,N,N,N,N,N,N,N,N,N
4519,53097452764,P,00102,Arja Roald                         ,Hårstad                            ,N,N,N,J,N,KUNDER OVER 18 ÅR MED D-NUMMER     ,N,N,N,N,N,N,N,N,N,N,N
4519,67038857700,P,01200,Biniam Eve                         ,Isaksen                            ,N,N,N,J,N,KUNDER OVER 18 ÅR MED D-NUMMER     ,N,N,N,N,N,N,N,N,N,N,N
4519,42068706925,P,00102,Kathrin Wiktor                     ,Adam                               ,N,N,N,J,N,KUNDER OVER 18 ÅR MED D-NUMMER     ,N,N,N,N,N,N,N,N,N,N,N
4519,51068552331,P,01200,Margreta Cesar                     ,Norum                              ,N,N,N,J,N,KUNDER OVER 18 ÅR MED D-NUMMER     ,N,N,N,N,N,N,N,N,N,N,N
4519,58049807269,P,00800,Eleni Oddmund                      ,Thommesen                          ,N,N,N,J,N,KUNDER OVER 18 ÅR MED D-NUMMER     ,N,N,N,N,N,N,N,N,N,N,N
4519,57048700383,P,00102,Ådne Luiza                         ,Tharaldsen                         ,N,N,N,J,N,KUNDER OVER 18 ÅR MED D-NUMMER     ,N,N,N,N,N,N,N,N,N,N,N
4519,48026976157,P,01200,Ingve Carita                       ,Sagstad                            ,N,N,N,J,N,KUNDER OVER 18 ÅR MED D-NUMMER     ,N,N,N,N,N,N,N,N,N,N,N
4519,45079255177,P,01200,Arnulf Ann-Marie                   ,Straume                            ,N,N,N,J,N,KUNDER OVER 18 ÅR MED D-NUMMER     ,N,N,N,N,N,N,N,N,N,N,N
4519,49078178751,P,00102,Yassin Wanda                       ,Sandbakken                         ,N,N,N,J,N,KUNDER OVER 18 ÅR MED D-NUMMER     ,N,N,N,N,N,N,N,N,N,N,N
4519,60116800171,P,00102,Thyra Per-Kristian                 ,Gregersen                          ,N,N,N,J,N,KUNDER OVER 18 ÅR MED D-NUMMER     ,N,N,N,N,N,N,N,N,N,N,N
4519,51059351463,P,00102,Daniella Herbert                   ,Kydland                            ,N,N,N,J,N,KUNDER OVER 18 ÅR MED D-NUMMER     ,N,N,N,N,N,N,N,N,N,N,N
4519,47127850387,P,01200,Johan Van                          ,Trana                              ,N,N,N,J,N,KUNDER OVER 18 ÅR MED D-NUMMER     ,N,N,N,N,N,N,N,N,N,N,N
4519,68068551734,P,00102,Cathrin Frank                      ,Olsnes                             ,N,N,N,J,N,KUNDER OVER 18 ÅR MED D-NUMMER     ,N,N,N,N,N,N,N,N,N,N,N
4519,41029354993,P,00800,Ernestas Liza                      ,Øverby                             ,N,N,N,J,N,KUNDER OVER 18 ÅR MED D-NUMMER     ,N,N,N,N,N,N,N,N,N,N,N
4519,43017907388,P,01200,Ådne Van                           ,Almli                              ,N,N,N,J,N,KUNDER OVER 18 ÅR MED D-NUMMER     ,N,N,N,N,N,N,N,N,N,N,N
4519,46039902192,P,00102,Ibrahim Live                       ,Dirdal                             ,N,N,N,J,N,KUNDER OVER 18 ÅR MED D-NUMMER     ,N,N,N,N,N,N,N,N,N,N,N
4519,52077976515,P,00102,Yosef Clara                        ,Christophersen                     ,N,N,N,J,N,KUNDER OVER 18 ÅR MED D-NUMMER     ,N,N,N,N,N,N,N,N,N,N,N
4519,62067552313,P,00102,Mattis Ann-Cathrin                 ,Fjærli                             ,N,N,N,J,N,KUNDER OVER 18 ÅR MED D-NUMMER     ,N,N,N,N,N,N,N,N,N,N,N
4519,63056952308,P,00102,Elfrida Ole-Marius                 ,Fossen                             ,N,N,N,J,N,KUNDER OVER 18 ÅR MED D-NUMMER     ,N,N,N,N,N,N,N,N,N,N,N
4519,62030252050,P,00800,Arnulf Biljana                     ,Nystuen                            ,N,N,N,J,N,KUNDER OVER 18 ÅR MED D-NUMMER     ,N,N,N,N,N,N,N,N,N,N,N
4519,57058850650,P,01200,Desiree Eduard                     ,Begum                              ,N,N,N,J,N,KUNDER OVER 18 ÅR MED D-NUMMER     ,N,N,N,N,N,N,N,N,N,N,N
4519,49099700954,P,00102,Hasan Emely                        ,Holthe                             ,N,N,N,J,N,KUNDER OVER 18 ÅR MED D-NUMMER     ,N,N,N,N,N,N,N,N,N,N,N
4519,44018508599,P,00102,Inga-Lill Milian                   ,Lunden                             ,N,N,N,J,N,KUNDER OVER 18 ÅR MED D-NUMMER     ,N,N,N,N,N,N,N,N,N,N,N
4519,62077078377,P,00102,Kristi Ulrik                       ,Aasebø                             ,N,N,N,J,N,KUNDER OVER 18 ÅR MED D-NUMMER     ,N,N,N,N,N,N,N,N,N,N,N
4519,67075958681,P,00102,Oline Søren                        ,Jensrud                            ,N,N,N,J,N,KUNDER OVER 18 ÅR MED D-NUMMER     ,N,N,N,N,N,N,N,N,N,N,N
4519,65098658100,P,00102,Pablo Johanne                      ,Vatland                            ,N,N,N,J,N,KUNDER OVER 18 ÅR MED D-NUMMER     ,N,N,N,N,N,N,N,N,N,N,N
4519,48088602725,P,00102,Paola Kolbein                      ,Edvardsen                          ,N,N,N,J,N,KUNDER OVER 18 ÅR MED D-NUMMER     ,N,N,N,N,N,N,N,N,N,N,N
4519,56118051446,P,00102,Aasne Donald                       ,Aaslund                            ,N,N,N,J,N,KUNDER OVER 18 ÅR MED D-NUMMER     ,N,N,N,N,N,N,N,N,N,N,N
4519,59067957185,P,01200,Kolbjørn Annichen                  ,Løvseth                            ,N,N,N,J,N,KUNDER OVER 18 ÅR MED D-NUMMER     ,N,N,N,N,N,N,N,N,N,N,N
4519,42058054083,P,01200,Johan Thanh                        ,Liknes                             ,N,N,N,J,N,KUNDER OVER 18 ÅR MED D-NUMMER     ,N,N,N,N,N,N,N,N,N,N,N
4519,55029507561,P,00900,Mika Idunn                         ,Skogvoll                           ,N,N,N,J,N,KUNDER OVER 18 ÅR MED D-NUMMER     ,N,N,N,N,N,N,N,N,N,N,N
4519,47038702919,P,00800,Joar Jenni                         ,Negård                             ,N,N,N,J,N,KUNDER OVER 18 ÅR MED D-NUMMER     ,N,N,N,N,N,N,N,N,N,N,N
4519,49128501362,P,00800,Torleiv Jorunn                     ,Kvaløy                             ,N,N,N,J,N,KUNDER OVER 18 ÅR MED D-NUMMER     ,N,N,N,N,N,N,N,N,N,N,N
4519,68016455729,P,00102,Skjalg Selma                       ,Haarstad                           ,N,N,N,N,N,KUNDER OVER 18 ÅR MED D-NUMMER     ,N,N,N,N,N,N,N,N,N,N,N
4519,71128401533,P,00102,Karstein Elna                      ,Teige                              ,N,N,N,J,N,KUNDER OVER 18 ÅR MED D-NUMMER     ,N,N,N,N,N,N,N,N,N,N,N
4519,57098300602,P,00102,Knut-Erik Ebba                     ,Korsvik                            ,N,N,N,J,N,KUNDER OVER 18 ÅR MED D-NUMMER     ,N,N,N,N,N,N,N,N,N,N,N
4519,46099900040,P,00800,Ragnfrid Aleksandrs                ,Hove                               ,N,N,N,J,N,KUNDER OVER 18 ÅR MED D-NUMMER     ,N,N,N,N,N,N,N,N,N,N,N
4519,43129803097,P,00102,Joacim Dorthe                      ,Leite                              ,N,N,N,J,N,KUNDER OVER 18 ÅR MED D-NUMMER     ,N,N,N,N,N,N,N,N,N,N,N
4519,60106309771,P,00900,Marian Ricardo                     ,Risnes                             ,N,N,N,J,N,KUNDER OVER 18 ÅR MED D-NUMMER     ,N,N,N,N,N,N,N,N,N,N,N
4519,61046955144,P,00102,Heather Kamran                     ,Solvang                            ,N,N,N,J,N,KUNDER OVER 18 ÅR MED D-NUMMER     ,N,N,N,N,N,N,N,N,N,N,N
4519,59078903591,P,01200,Edward Florence                    ,Samuelsen                          ,N,N,N,N,N,KUNDER OVER 18 ÅR MED D-NUMMER     ,N,N,N,N,N,N,N,N,N,N,N
4519,54077677162,P,00102,Nadine Per-Kristian                ,Tømmervik                          ,N,N,N,J,N,KUNDER OVER 18 ÅR MED D-NUMMER     ,N,N,N,N,N,N,N,N,N,N,N
4519,70049400932,P,00800,Lilja Leiv                         ,Jørgensen                          ,N,N,N,J,N,KUNDER OVER 18 ÅR MED D-NUMMER     ,N,N,N,N,N,N,N,N,N,N,N
4519,54019401912,P,00800,Skjalg Selma                       ,Øvrevik                            ,N,N,N,J,N,KUNDER OVER 18 ÅR MED D-NUMMER     ,N,N,N,N,N,N,N,N,N,N,N
4519,54107875797,P,00102,Ehsan Amalia                       ,Fjelde                             ,N,N,N,J,N,KUNDER OVER 18 ÅR MED D-NUMMER     ,N,N,N,N,N,N,N,N,N,N,N
4519,62036314686,P,00800,Bergljot Nils-Petter               ,Holthe                             ,N,N,N,J,N,KUNDER OVER 18 ÅR MED D-NUMMER     ,N,N,N,N,N,N,N,N,N,N,N
4519,56099401082,P,00102,Faiza Staffan                      ,Forland                            ,N,N,N,J,N,KUNDER OVER 18 ÅR MED D-NUMMER     ,N,N,N,N,N,N,N,N,N,N,N
4519,42088302596,P,00800,Karsten Lucy                       ,Vestnes                            ,N,N,N,J,N,KUNDER OVER 18 ÅR MED D-NUMMER     ,N,N,N,N,N,N,N,N,N,N,N
4519,49019277029,P,00800,Jeremy Torbjørg                    ,Refsland                           ,N,N,N,J,N,KUNDER OVER 18 ÅR MED D-NUMMER     ,N,N,N,N,N,N,N,N,N,N,N
4519,54056809581,P,00800,Benn Pia                           ,Svenning                           ,N,N,N,J,N,KUNDER OVER 18 ÅR MED D-NUMMER     ,N,N,N,N,N,N,N,N,N,N,N
4519,54017677546,P,00102,Rosa Sune                          ,Olaisen                            ,N,N,N,J,N,KUNDER OVER 18 ÅR MED D-NUMMER     ,N,N,N,N,N,N,N,N,N,N,N
4519,59056704811,P,00800,Robertas Arna                      ,Tharaldsen                         ,N,N,N,J,N,KUNDER OVER 18 ÅR MED D-NUMMER     ,N,N,N,N,N,N,N,N,N,N,N
4519,68120302101,P,01200,Siril Akram                        ,Leistad                            ,N,N,N,J,N,KUNDER OVER 18 ÅR MED D-NUMMER     ,N,N,N,N,N,N,N,N,N,N,N
4519,42016403819,P,01200,Sarah Birger                       ,Tørstad                            ,N,N,N,J,N,KUNDER OVER 18 ÅR MED D-NUMMER     ,N,N,N,N,N,N,N,N,N,N,N
4519,68099350664,P,00102,Rimantas Kersti                    ,Misje                              ,N,N,N,J,N,KUNDER OVER 18 ÅR MED D-NUMMER     ,N,N,N,N,N,N,N,N,N,N,N
4519,48058676988,P,00102,Hege Evert                         ,Østerbø                            ,N,N,N,J,N,KUNDER OVER 18 ÅR MED D-NUMMER     ,N,N,N,N,N,N,N,N,N,N,N
4519,59016305914,P,00800,Martin Sigrunn                     ,Fiske                              ,N,N,N,J,N,KUNDER OVER 18 ÅR MED D-NUMMER     ,N,N,N,N,N,N,N,N,N,N,N
4519,59069404833,P,00900,Berge Kornelia                     ,Rafoss                             ,J,N,N,J,N,KUNDER OVER 18 ÅR MED D-NUMMER     ,N,N,N,N,N,N,N,N,N,N,N
4519,58015757521,P,00102,Sajjad Thorhild                    ,Graff                              ,N,N,N,J,N,KUNDER OVER 18 ÅR MED D-NUMMER     ,N,N,N,N,N,N,N,N,N,N,N
4519,43129805693,P,00800,Janina Magnus                      ,Høgli                              ,N,N,N,J,N,KUNDER OVER 18 ÅR MED D-NUMMER     ,N,N,N,N,N,N,N,N,N,N,N
4519,56128250765,P,00900,Pablo Herborg                      ,Tharaldsen                         ,N,N,N,J,N,KUNDER OVER 18 ÅR MED D-NUMMER     ,N,N,N,N,N,N,N,N,N,N,N
4519,57075358514,P,00800,Tristan Lise-Lotte                 ,Vestad                             ,N,N,N,J,N,KUNDER OVER 18 ÅR MED D-NUMMER     ,N,N,N,N,N,N,N,N,N,N,N
4519,60117975641,P,00900,Iben Herleif                       ,Roksvåg                            ,N,N,N,J,N,KUNDER OVER 18 ÅR MED D-NUMMER     ,N,N,N,N,N,N,N,N,N,N,N
4519,65039006310,P,00102,Ernestas Thorhild                  ,Øie                                ,N,N,N,J,N,KUNDER OVER 18 ÅR MED D-NUMMER     ,N,N,N,N,N,N,N,N,N,N,N
4519,42079058356,P,00102,Trine-Lise Leszek                  ,Kvale                              ,N,N,N,J,N,KUNDER OVER 18 ÅR MED D-NUMMER     ,N,N,N,N,N,N,N,N,N,N,N
4519,60069255305,P,01200,Mike Line                          ,Selstad                            ,N,N,N,J,N,KUNDER OVER 18 ÅR MED D-NUMMER     ,N,N,N,N,N,N,N,N,N,N,N
4519,54098608187,P,00800,Karwan Maureen                     ,Vollen                             ,N,N,N,J,N,KUNDER OVER 18 ÅR MED D-NUMMER     ,N,N,N,N,N,N,N,N,N,N,N
4519,62106550706,P,00800,Jafar Gabriella                    ,Robberstad                         ,N,N,N,J,N,KUNDER OVER 18 ÅR MED D-NUMMER     ,N,N,N,N,N,N,N,N,N,N,N
4519,44068276362,P,00102,Øygunn Julio                       ,Haga                               ,N,N,N,J,N,KUNDER OVER 18 ÅR MED D-NUMMER     ,N,N,N,N,N,N,N,N,N,N,N
4519,42079308395,P,00900,Leikny Pawel                       ,Søfteland                          ,N,N,N,J,N,KUNDER OVER 18 ÅR MED D-NUMMER     ,N,N,N,N,N,N,N,N,N,N,N
4519,52126050720,P,00900,Torleiv Ann-Karin                  ,Samuelsen                          ,N,N,N,J,N,KUNDER OVER 18 ÅR MED D-NUMMER     ,N,N,N,N,N,N,N,N,N,N,N
4519,44069304947,P,00102,Elzbieta Donald                    ,Wille                              ,N,N,N,J,N,KUNDER OVER 18 ÅR MED D-NUMMER     ,N,N,N,N,N,N,N,N,N,N,N
4519,54108906238,P,00102,Gry Abdifatah                      ,Alsvik                             ,N,N,N,J,N,KUNDER OVER 18 ÅR MED D-NUMMER     ,N,N,N,N,N,N,N,N,N,N,N
4519,47067454509,P,01200,Rodrigo Øyvor                      ,Aukland                            ,N,N,N,J,N,KUNDER OVER 18 ÅR MED D-NUMMER     ,N,N,N,N,N,N,N,N,N,N,N
4519,55098657699,P,01200,Ole-Kristian Ruby                  ,Følstad                            ,N,N,N,J,N,KUNDER OVER 18 ÅR MED D-NUMMER     ,N,N,N,N,N,N,N,N,N,N,N
4519,66078706237,P,00102,Edmund Rita                        ,Askeland                           ,N,N,N,J,N,KUNDER OVER 18 ÅR MED D-NUMMER     ,N,N,N,N,N,N,N,N,N,N,N
4519,66049600160,P,01200,Lillian Staffan                    ,Sørland                            ,N,N,N,N,N,KUNDER OVER 18 ÅR MED D-NUMMER     ,N,N,N,N,N,N,N,N,N,N,N
4519,49027709280,P,01200,Curt Carla                         ,Hildre                             ,N,N,N,J,N,KUNDER OVER 18 ÅR MED D-NUMMER     ,N,N,N,N,N,N,N,N,N,N,N
4519,57066217797,P,00102,Matilda Matias                     ,Øie                                ,N,N,N,J,N,KUNDER OVER 18 ÅR MED D-NUMMER     ,N,N,N,N,N,N,N,N,N,N,N
4519,56047975374,P,00102,Aslak Katerina                     ,Graff                              ,N,N,N,J,N,KUNDER OVER 18 ÅR MED D-NUMMER     ,N,N,N,N,N,N,N,N,N,N,N
4519,67119303343,P,00102,Maija Istvan                       ,Rekstad                            ,N,N,N,J,N,KUNDER OVER 18 ÅR MED D-NUMMER     ,N,N,N,N,N,N,N,N,N,N,N
4519,60098608535,P,00102,Hasan Emely                        ,Ree                                ,N,N,N,J,N,KUNDER OVER 18 ÅR MED D-NUMMER     ,N,N,N,N,N,N,N,N,N,N,N
4519,57108152542,P,00102,Joar Gabrielle                     ,Rørstad                            ,N,N,N,J,N,KUNDER OVER 18 ÅR MED D-NUMMER     ,N,N,N,N,N,N,N,N,N,N,N
4519,61099703899,P,00102,Indre Asbjørn                      ,Velde                              ,N,N,N,J,N,KUNDER OVER 18 ÅR MED D-NUMMER     ,N,N,N,N,N,N,N,N,N,N,N
4519,61126703146,P,03300,Thorbjørn Katarzyna                ,Rosenlund                          ,N,N,N,J,N,KUNDER OVER 18 ÅR MED D-NUMMER     ,N,N,N,N,N,N,N,N,N,N,N
4519,46048053599,P,01200,Mantas Fay                         ,Christophersen                     ,N,N,N,J,N,KUNDER OVER 18 ÅR MED D-NUMMER     ,N,N,N,N,N,N,N,N,N,N,N
4519,64075576534,P,00102,Kamil Mariola                      ,Bøthun                             ,N,N,N,J,N,KUNDER OVER 18 ÅR MED D-NUMMER     ,N,N,N,N,N,N,N,N,N,N,N
4519,60117154532,P,00102,Mariana Marcelo                    ,Said                               ,N,N,N,J,N,KUNDER OVER 18 ÅR MED D-NUMMER     ,N,N,N,N,N,N,N,N,N,N,N
4519,46129901357,P,00800,Siw Njål                           ,Gjelstad                           ,N,N,N,J,N,KUNDER OVER 18 ÅR MED D-NUMMER     ,N,N,N,N,N,N,N,N,N,N,N
4519,59057858391,P,00800,Herbjørg Ireneusz                  ,Anderssen                          ,N,N,N,J,N,KUNDER OVER 18 ÅR MED D-NUMMER     ,N,N,N,N,N,N,N,N,N,N,N
4519,67046700802,P,00800,Farhad Bella                       ,Haugum                             ,N,N,N,J,N,KUNDER OVER 18 ÅR MED D-NUMMER     ,N,N,N,N,N,N,N,N,N,N,N
4519,57108577780,P,00900,Stein Nadine                       ,Smeby                              ,N,N,N,J,N,KUNDER OVER 18 ÅR MED D-NUMMER     ,N,N,N,N,N,N,N,N,N,N,N
4519,58116953356,P,00900,Dorte Ole-Morten                   ,Risdal                             ,N,N,N,J,N,KUNDER OVER 18 ÅR MED D-NUMMER     ,N,N,N,N,N,N,N,N,N,N,N
4519,41087355185,P,00102,Karsten Lucy                       ,Storli                             ,N,N,N,J,N,KUNDER OVER 18 ÅR MED D-NUMMER     ,N,N,N,N,N,N,N,N,N,N,N
4519,59058803590,P,00800,Palma Donald                       ,Haave                              ,N,N,N,J,N,KUNDER OVER 18 ÅR MED D-NUMMER     ,N,N,N,N,N,N,N,N,N,N,N
4519,49037050945,P,00800,Bereket Ann-Sofie                  ,Gamst                              ,N,N,N,J,N,KUNDER OVER 18 ÅR MED D-NUMMER     ,N,N,N,N,N,N,N,N,N,N,N
4519,47026703928,P,00102,Søren Jocelyn                      ,Roksvåg                            ,N,N,N,J,N,KUNDER OVER 18 ÅR MED D-NUMMER     ,N,N,N,N,N,N,N,N,N,N,N
4519,48098304692,P,00102,Rodney Sanela                      ,Eikås                              ,N,N,N,J,N,KUNDER OVER 18 ÅR MED D-NUMMER     ,N,N,N,N,N,N,N,N,N,N,N
4519,59026775927,P,00102,Manuela Eduard                     ,Kvaal                              ,N,N,N,J,N,KUNDER OVER 18 ÅR MED D-NUMMER     ,N,N,N,N,N,N,N,N,N,N,N
4519,67129501526,P,00800,Ulrika Istvan                      ,Braseth                            ,N,N,N,J,N,KUNDER OVER 18 ÅR MED D-NUMMER     ,N,N,N,N,N,N,N,N,N,N,N
4519,61088114964,P,00900,Alma Kim-Andre                     ,Christophersen                     ,N,N,N,J,N,KUNDER OVER 18 ÅR MED D-NUMMER     ,N,N,N,N,N,N,N,N,N,N,N
4519,42066403798,P,00800,Claudia Berhane                    ,Egenes                             ,N,N,N,J,N,KUNDER OVER 18 ÅR MED D-NUMMER     ,N,N,N,N,N,N,N,N,N,N,N
4519,65029176048,P,00900,Vivi Aadne                         ,Rynning                            ,N,N,N,J,N,KUNDER OVER 18 ÅR MED D-NUMMER     ,N,N,N,N,N,N,N,N,N,N,N
4519,59029705105,P,00102,Ernestas Thorhild                  ,Høiland                            ,N,N,N,J,N,KUNDER OVER 18 ÅR MED D-NUMMER     ,N,N,N,N,N,N,N,N,N,N,N
4519,67117854784,P,00102,Judy Magnus                        ,Haugland                           ,N,N,N,J,N,KUNDER OVER 18 ÅR MED D-NUMMER     ,N,N,N,N,N,N,N,N,N,N,N
4519,42106754122,P,00102,Salih May-Britt                    ,Vist                               ,N,N,N,J,N,KUNDER OVER 18 ÅR MED D-NUMMER     ,N,N,N,N,N,N,N,N,N,N,N
4519,60039805599,P,01200,Jan-Fredrik Viktorija              ,Mollestad                          ,N,N,N,J,N,KUNDER OVER 18 ÅR MED D-NUMMER     ,N,N,N,N,N,N,N,N,N,N,N
4519,62129308910,P,00102,Shahid Bodhild                     ,Nystrøm                            ,N,N,N,J,N,KUNDER OVER 18 ÅR MED D-NUMMER     ,N,N,N,N,N,N,N,N,N,N,N
4519,54037852131,P,01200,Berly Marcelo                      ,Blakstad                           ,N,N,N,J,N,KUNDER OVER 18 ÅR MED D-NUMMER     ,N,N,N,N,N,N,N,N,N,N,N
4519,61075677765,P,00102,Erle Lars-Erik                     ,Olaussen                           ,N,N,N,J,N,KUNDER OVER 18 ÅR MED D-NUMMER     ,N,N,N,N,N,N,N,N,N,N,N
4519,58038677339,P,00102,Mahad Mildrid                      ,Lilleengen                         ,N,N,N,J,N,KUNDER OVER 18 ÅR MED D-NUMMER     ,N,N,N,N,N,N,N,N,N,N,N
4519,49028075552,P,00102,Biniam Tahira                      ,Horn                               ,N,N,N,J,N,KUNDER OVER 18 ÅR MED D-NUMMER     ,N,N,N,N,N,N,N,N,N,N,N
4519,44037158167,P,00102,Elisabeth Willy                    ,Tran                               ,N,N,N,J,N,KUNDER OVER 18 ÅR MED D-NUMMER     ,N,N,N,N,N,N,N,N,N,N,N
4519,45088501741,P,00102,Jennie Wiktor                      ,Berger                             ,N,N,N,J,N,KUNDER OVER 18 ÅR MED D-NUMMER     ,N,N,N,N,N,N,N,N,N,N,N
4519,61017103554,P,00900,Ina Trym                           ,Vinje                              ,N,N,N,J,N,KUNDER OVER 18 ÅR MED D-NUMMER     ,N,N,N,N,N,N,N,N,N,N,N
4519,55107505724,P,00102,Ahmet Marita                       ,Helleren                           ,N,N,N,J,N,KUNDER OVER 18 ÅR MED D-NUMMER     ,N,N,N,N,N,N,N,N,N,N,N
4519,62099702449,P,00900,Ramona Ivo                         ,Bergseng                           ,N,N,N,J,N,KUNDER OVER 18 ÅR MED D-NUMMER     ,N,N,N,N,N,N,N,N,N,N,N
4519,54119351963,P,00102,Torolf Dominika                    ,Sørby                              ,N,N,N,J,N,KUNDER OVER 18 ÅR MED D-NUMMER     ,N,N,N,N,N,N,N,N,N,N,N
4519,62019001860,P,00800,Anke Herleif                       ,Hylland                            ,N,N,N,J,N,KUNDER OVER 18 ÅR MED D-NUMMER     ,N,N,N,N,N,N,N,N,N,N,N
4519,45088453755,P,00102,Juozas Veronika                    ,Weber                              ,N,N,N,J,N,KUNDER OVER 18 ÅR MED D-NUMMER     ,N,N,N,N,N,N,N,N,N,N,N
4519,58109507960,P,00800,Gard Elsa                          ,Winsnes                            ,N,N,N,J,N,KUNDER OVER 18 ÅR MED D-NUMMER     ,N,N,N,N,N,N,N,N,N,N,N
4519,68018321401,P,00102,Marcelo Ngoc                       ,Thon                               ,N,N,N,J,N,KUNDER OVER 18 ÅR MED D-NUMMER     ,N,N,N,N,N,N,N,N,N,N,N
4519,45069175515,P,00102,Halvar Noor                        ,Andvik                             ,N,N,N,J,N,KUNDER OVER 18 ÅR MED D-NUMMER     ,N,N,N,N,N,N,N,N,N,N,N
4519,66099403730,P,01200,Shahnaz Muhamed                    ,Joa                                ,N,N,N,J,N,KUNDER OVER 18 ÅR MED D-NUMMER     ,N,N,N,N,N,N,N,N,N,N,N
4519,56026002120,P,01200,Ayse Herleif                       ,Engebakken                         ,N,N,N,J,N,KUNDER OVER 18 ÅR MED D-NUMMER     ,N,N,N,N,N,N,N,N,N,N,N
4519,47045453789,P,00800,Karwan Sigfrid                     ,Vikane                             ,N,N,N,J,N,KUNDER OVER 18 ÅR MED D-NUMMER     ,N,N,N,N,N,N,N,N,N,N,N
4519,42059000238,P,00102,Noel Carol                         ,Christiansen                       ,N,N,N,J,N,KUNDER OVER 18 ÅR MED D-NUMMER     ,N,N,N,N,N,N,N,N,N,N,N
4519,55038050736,P,00102,Rodney Wenke                       ,Dammen                             ,N,N,N,J,N,KUNDER OVER 18 ÅR MED D-NUMMER     ,N,N,N,N,N,N,N,N,N,N,N
4519,51018954447,P,00800,Mie Kaj                            ,Vikse                              ,N,N,N,J,N,KUNDER OVER 18 ÅR MED D-NUMMER     ,N,N,N,N,N,N,N,N,N,N,N
4519,67035400599,P,00800,Lisa-Mari Tristan                  ,Tharaldsen                         ,N,N,N,J,N,KUNDER OVER 18 ÅR MED D-NUMMER     ,N,N,N,N,N,N,N,N,N,N,N
4519,67069708568,P,01200,Margit Jorulf                      ,Opedal                             ,N,N,N,J,N,KUNDER OVER 18 ÅR MED D-NUMMER     ,N,N,N,N,N,N,N,N,N,N,N
4519,56077108152,P,00102,Elly Dovydas                       ,Myklebust                          ,N,N,N,J,N,KUNDER OVER 18 ÅR MED D-NUMMER     ,N,N,N,N,N,N,N,N,N,N,N
4519,49066802336,P,00800,Aneta Sivert                       ,Samnøy                             ,N,N,N,J,N,KUNDER OVER 18 ÅR MED D-NUMMER     ,N,N,N,N,N,N,N,N,N,N,N
4519,68078278947,P,00102,Natasha Matias                     ,Bruvik                             ,N,N,N,J,N,KUNDER OVER 18 ÅR MED D-NUMMER     ,N,N,N,N,N,N,N,N,N,N,N
4519,47067000923,P,00900,Endre Olea                         ,Carlsen                            ,N,N,N,J,N,KUNDER OVER 18 ÅR MED D-NUMMER     ,N,N,N,N,N,N,N,N,N,N,N
4519,68058507591,P,00800,Tor-Inge Maren                     ,Askeland                           ,N,N,N,J,N,KUNDER OVER 18 ÅR MED D-NUMMER     ,N,N,N,N,N,N,N,N,N,N,N
4519,43039406617,P,00800,Beret Manuel                       ,Røkke                              ,N,N,N,J,N,KUNDER OVER 18 ÅR MED D-NUMMER     ,N,N,N,N,N,N,N,N,N,N,N
4519,52126508735,P,00102,Nikita Franziska                   ,Brynjulfsen                        ,N,N,N,J,N,KUNDER OVER 18 ÅR MED D-NUMMER     ,N,N,N,N,N,N,N,N,N,N,N
4519,43068901929,P,00900,Margit Jorulf                      ,Langseth                           ,N,N,N,J,N,KUNDER OVER 18 ÅR MED D-NUMMER     ,N,N,N,N,N,N,N,N,N,N,N
4519,47069503345,P,00800,Mahad Gun                          ,Ekeberg                            ,N,N,N,J,N,KUNDER OVER 18 ÅR MED D-NUMMER     ,N,N,N,N,N,N,N,N,N,N,N
4519,50107176184,P,00102,Rimantas Justyna                   ,Vestbø                             ,N,N,N,J,N,KUNDER OVER 18 ÅR MED D-NUMMER     ,N,N,N,N,N,N,N,N,N,N,N
4519,66018905516,P,00102,Biniam Wibeche                     ,Jørstad                            ,N,N,N,J,N,KUNDER OVER 18 ÅR MED D-NUMMER     ,N,N,N,N,N,N,N,N,N,N,N
4519,47077976953,P,00102,Berge Wanda                        ,Raja                               ,N,N,N,J,N,KUNDER OVER 18 ÅR MED D-NUMMER     ,N,N,N,N,N,N,N,N,N,N,N
4519,70018902506,P,00102,Karwan Gyda                        ,Heyerdahl                          ,N,N,N,J,N,KUNDER OVER 18 ÅR MED D-NUMMER     ,N,N,N,N,N,N,N,N,N,N,N
4519,49028008308,P,00102,Madelen Francisco                  ,Sverdrup                           ,N,N,N,J,N,KUNDER OVER 18 ÅR MED D-NUMMER     ,N,N,N,N,N,N,N,N,N,N,N
4519,50036714368,P,00102,Torstein Audny                     ,Aden                               ,N,N,N,J,N,KUNDER OVER 18 ÅR MED D-NUMMER     ,N,N,N,N,N,N,N,N,N,N,N
4519,55026203189,P,00102,Kersti Janne                       ,Sønsteby                           ,N,N,N,J,N,KUNDER OVER 18 ÅR MED D-NUMMER     ,N,N,N,N,N,N,N,N,N,N,N
4519,51094505503,P,00102,Suzanne Francisco                  ,Engebakken                         ,N,N,N,J,N,KUNDER OVER 18 ÅR MED D-NUMMER     ,N,N,N,N,N,N,N,N,N,N,N
4519,54087708260,P,00102,Zdzislaw Oddlaug                   ,Miljeteig                          ,N,N,N,J,N,KUNDER OVER 18 ÅR MED D-NUMMER     ,N,N,N,N,N,N,N,N,N,N,N
4519,63047153788,P,00102,Anne-Marie Mateo                   ,Indahl                             ,N,N,N,J,N,KUNDER OVER 18 ÅR MED D-NUMMER     ,N,N,N,N,N,N,N,N,N,N,N
4519,68099706809,P,00102,Ausra Oddmund                      ,Skaar                              ,N,N,N,J,N,KUNDER OVER 18 ÅR MED D-NUMMER     ,N,N,N,N,N,N,N,N,N,N,N
4519,66129352281,P,00800,Augusta Maciej                     ,Skarshaug                          ,N,N,N,J,N,KUNDER OVER 18 ÅR MED D-NUMMER     ,N,N,N,N,N,N,N,N,N,N,N
4519,44059806367,P,00800,Brian Naima                        ,Hegre                              ,N,N,N,J,N,KUNDER OVER 18 ÅR MED D-NUMMER     ,N,N,N,N,N,N,N,N,N,N,N
4519,43118853092,P,00800,Christen Velaug                    ,Aasgaard                           ,N,N,N,J,N,KUNDER OVER 18 ÅR MED D-NUMMER     ,N,N,N,N,N,N,N,N,N,N,N
4519,56106951387,P,01200,Peggy Gheorghe                     ,Nyland                             ,N,N,N,J,N,KUNDER OVER 18 ÅR MED D-NUMMER     ,N,N,N,N,N,N,N,N,N,N,N
4519,64088400516,P,01200,Linnea Akram                       ,Eilertsen                          ,N,N,N,J,N,KUNDER OVER 18 ÅR MED D-NUMMER     ,N,N,N,N,N,N,N,N,N,N,N
4519,43124655715,P,01200,Anya Holger                        ,Thomas                             ,N,N,N,J,N,KUNDER OVER 18 ÅR MED D-NUMMER     ,N,N,N,N,N,N,N,N,N,N,N
4519,66084476553,P,00900,Aasta Marc                         ,Askeland                           ,N,N,N,J,N,KUNDER OVER 18 ÅR MED D-NUMMER     ,N,N,N,N,N,N,N,N,N,N,N
4519,51019406206,P,00800,Edny Fridtjov                      ,Sandhåland                         ,N,N,N,J,N,KUNDER OVER 18 ÅR MED D-NUMMER     ,N,N,N,N,N,N,N,N,N,N,N
4519,63078877679,P,01200,Gun Gheorghe                       ,Melgård                            ,N,N,N,J,N,KUNDER OVER 18 ÅR MED D-NUMMER     ,N,N,N,N,N,N,N,N,N,N,N
4519,42109506839,P,00102,Mika Christin                      ,Lilleng                            ,N,N,N,J,N,KUNDER OVER 18 ÅR MED D-NUMMER     ,N,N,N,N,N,N,N,N,N,N,N
4519,51038900734,P,00900,Janet Aslan                        ,Storsve                            ,N,N,N,J,N,KUNDER OVER 18 ÅR MED D-NUMMER     ,N,N,N,N,N,N,N,N,N,N,N
4519,54059708166,P,00102,Geir Leah                          ,Skurdal                            ,N,N,N,J,N,KUNDER OVER 18 ÅR MED D-NUMMER     ,N,N,N,N,N,N,N,N,N,N,N
4519,63089107107,P,00102,Berge Wanda                        ,Didriksen                          ,N,N,N,J,N,KUNDER OVER 18 ÅR MED D-NUMMER     ,N,N,N,N,N,N,N,N,N,N,N
4519,55028800184,P,01200,Yvonne Sivert                      ,Aakvik                             ,N,N,N,J,N,KUNDER OVER 18 ÅR MED D-NUMMER     ,N,N,N,N,N,N,N,N,N,N,N
4519,67117902509,P,00102,Mehran Viviann                     ,Eriksen                            ,N,N,N,J,N,KUNDER OVER 18 ÅR MED D-NUMMER     ,N,N,N,N,N,N,N,N,N,N,N
4519,51069056559,P,01200,Beate Ingvald                      ,Ytreland                           ,N,N,N,J,N,KUNDER OVER 18 ÅR MED D-NUMMER     ,N,N,N,N,N,N,N,N,N,N,N
4519,53038711527,P,00800,Fillip Fadumo                      ,Eidem                              ,N,N,N,J,N,KUNDER OVER 18 ÅR MED D-NUMMER     ,N,N,N,N,N,N,N,N,N,N,N
4519,62089154044,P,00800,Werner Asta                        ,Johnsen                            ,N,N,N,J,N,KUNDER OVER 18 ÅR MED D-NUMMER     ,N,N,N,N,N,N,N,N,N,N,N
4519,50117305535,P,00800,Sina Stein-Erik                    ,Selvik                             ,N,N,N,N,N,KUNDER OVER 18 ÅR MED D-NUMMER     ,N,N,N,N,N,N,N,N,N,N,N
4519,67019602130,P,00800,Jens Anne-May                      ,Holme                              ,N,N,N,J,N,KUNDER OVER 18 ÅR MED D-NUMMER     ,N,N,N,N,N,N,N,N,N,N,N
4519,51088557399,P,00102,Elfrida Ole-Marius                 ,Folland                            ,N,N,N,J,N,KUNDER OVER 18 ÅR MED D-NUMMER     ,N,N,N,N,N,N,N,N,N,N,N
4519,60047506444,P,00800,Kathleen Knut-Erik                 ,Sakshaug                           ,N,N,N,J,N,KUNDER OVER 18 ÅR MED D-NUMMER     ,N,N,N,N,N,N,N,N,N,N,N
4519,47034904525,P,00102,Darius Julija                      ,Granlund                           ,N,N,N,J,N,KUNDER OVER 18 ÅR MED D-NUMMER     ,N,N,N,N,N,N,N,N,N,N,N
4519,66048977465,P,00800,Nour Ben                           ,Mæland                             ,N,N,N,J,N,KUNDER OVER 18 ÅR MED D-NUMMER     ,N,N,N,N,N,N,N,N,N,N,N
4519,49119253615,P,00102,Torstein Ena                       ,Bergh                              ,N,N,N,J,N,KUNDER OVER 18 ÅR MED D-NUMMER     ,N,N,N,N,N,N,N,N,N,N,N
4519,47088556972,P,00900,Ingo Aud                           ,Engebakken                         ,N,N,N,J,N,KUNDER OVER 18 ÅR MED D-NUMMER     ,N,N,N,N,N,N,N,N,N,N,N
4519,59068076700,P,00102,Tor-Inge Åste                      ,Arntsen                            ,N,N,N,J,N,KUNDER OVER 18 ÅR MED D-NUMMER     ,N,N,N,N,N,N,N,N,N,N,N
4519,57118250704,P,00102,Erland Veslemøy                    ,Tveita                             ,J,N,N,J,N,KUNDER OVER 18 ÅR MED D-NUMMER     ,N,N,N,N,N,N,N,N,N,N,N
4519,52128301348,P,00102,Nicoleta Dean                      ,Lundeby                            ,N,N,N,J,N,KUNDER OVER 18 ÅR MED D-NUMMER     ,N,N,N,N,N,N,N,N,N,N,N
4519,43056058916,P,00102,Ernestas Liza                      ,Magerøy                            ,N,N,N,J,N,KUNDER OVER 18 ÅR MED D-NUMMER     ,N,N,N,N,N,N,N,N,N,N,N
4519,42019107196,P,00800,Ninni Gudbrand                     ,Knarvik                            ,N,N,N,J,N,KUNDER OVER 18 ÅR MED D-NUMMER     ,N,N,N,N,N,N,N,N,N,N,N
4519,50079504146,P,00102,Knut-Erik Liz                      ,Ruud                               ,N,N,N,J,N,KUNDER OVER 18 ÅR MED D-NUMMER     ,N,N,N,N,N,N,N,N,N,N,N
4519,65087805659,P,00900,Eva Ole-Morten                     ,Stensrud                           ,N,N,N,J,N,KUNDER OVER 18 ÅR MED D-NUMMER     ,N,N,N,N,N,N,N,N,N,N,N
4519,56025654213,P,01200,Jasmin Mirza                       ,Heistad                            ,N,N,N,J,N,KUNDER OVER 18 ÅR MED D-NUMMER     ,N,N,N,N,N,N,N,N,N,N,N
4519,55047376970,P,00102,Tore Vanessa                       ,Erdal                              ,N,N,N,J,N,KUNDER OVER 18 ÅR MED D-NUMMER     ,N,N,N,N,N,N,N,N,N,N,N
4519,46125154034,P,00900,Timothy Nicole                     ,Berge                              ,N,J,N,J,N,KUNDER OVER 18 ÅR MED D-NUMMER     ,N,N,N,N,N,N,N,N,N,N,N
4519,51018505677,P,01200,Valdemar Reidunn                   ,Sørnes                             ,N,N,N,J,N,KUNDER OVER 18 ÅR MED D-NUMMER     ,N,N,N,N,N,N,N,N,N,N,N
4519,67036304941,P,01200,Carina Mahad                       ,Schjølberg                         ,N,N,N,J,N,KUNDER OVER 18 ÅR MED D-NUMMER     ,N,N,N,N,N,N,N,N,N,N,N
4519,60099401381,P,00102,Juozas Wera                        ,Dirdal                             ,N,N,N,J,N,KUNDER OVER 18 ÅR MED D-NUMMER     ,N,N,N,N,N,N,N,N,N,N,N
4519,51107858559,P,00900,Alexandre Zivile                   ,Zakariassen                        ,N,N,N,J,N,KUNDER OVER 18 ÅR MED D-NUMMER     ,N,N,N,N,N,N,N,N,N,N,N
4519,41016807360,P,00800,Biniam Annlaug                     ,Heldal                             ,N,N,N,J,N,KUNDER OVER 18 ÅR MED D-NUMMER     ,N,N,N,N,N,N,N,N,N,N,N
4519,42119700404,P,00102,Asborg Sasa                        ,Ås                                 ,N,N,N,J,N,KUNDER OVER 18 ÅR MED D-NUMMER     ,N,N,N,N,N,N,N,N,N,N,N
4519,62078008356,P,00102,Biniam Ma                          ,Sundberg                           ,N,N,N,J,N,KUNDER OVER 18 ÅR MED D-NUMMER     ,N,N,N,N,N,N,N,N,N,N,N
4519,64129508173,P,00800,Tarjei Gunnvor                     ,Rise                               ,N,N,N,J,N,KUNDER OVER 18 ÅR MED D-NUMMER     ,N,N,N,N,N,N,N,N,N,N,N
4519,59077157551,P,00900,Annichen Biniam                    ,Haugvaldstad                       ,N,N,N,J,N,KUNDER OVER 18 ÅR MED D-NUMMER     ,N,N,N,N,N,N,N,N,N,N,N
4519,50017903915,P,00800,Bartosz Åsne                       ,Tronstad                           ,N,N,N,J,N,KUNDER OVER 18 ÅR MED D-NUMMER     ,N,N,N,N,N,N,N,N,N,N,N
4519,41055007002,P,01200,Henrik Gisela                      ,Otnes                              ,N,N,N,J,N,KUNDER OVER 18 ÅR MED D-NUMMER     ,N,N,N,N,N,N,N,N,N,N,N
4519,59117276389,P,00102,Jan-Fredrik Nina                   ,Lindal                             ,N,N,N,J,N,KUNDER OVER 18 ÅR MED D-NUMMER     ,N,N,N,N,N,N,N,N,N,N,N
4519,60059903902,P,01200,Marcelo Salma                      ,Kibsgaard                          ,N,N,N,J,N,KUNDER OVER 18 ÅR MED D-NUMMER     ,N,N,N,N,N,N,N,N,N,N,N
4519,59036610780,P,00800,Berly Marcelo                      ,Dirdal                             ,N,N,N,J,N,KUNDER OVER 18 ÅR MED D-NUMMER     ,N,N,N,N,N,N,N,N,N,N,N
4519,48019005693,P,00102,Safia Yosef                        ,Ødegården                          ,N,N,N,J,N,KUNDER OVER 18 ÅR MED D-NUMMER     ,N,N,N,N,N,N,N,N,N,N,N
4519,64106951975,P,01200,Thora Marcelo                      ,Wagner                             ,N,N,N,J,N,KUNDER OVER 18 ÅR MED D-NUMMER     ,N,N,N,N,N,N,N,N,N,N,N
4519,59098804344,P,00102,Leyla Tollef                       ,Elvebakk                           ,N,N,N,J,N,KUNDER OVER 18 ÅR MED D-NUMMER     ,N,N,N,N,N,N,N,N,N,N,N
4519,43048451706,P,00102,Sahar Samuel                       ,Sørnes                             ,N,N,N,J,N,KUNDER OVER 18 ÅR MED D-NUMMER     ,N,N,N,N,N,N,N,N,N,N,N
4519,55117754714,P,00102,Øydis Babak                        ,Asphaug                            ,N,N,N,J,N,KUNDER OVER 18 ÅR MED D-NUMMER     ,N,N,N,N,N,N,N,N,N,N,N
4519,55039305185,P,00102,Carina Cesar                       ,Kim                                ,N,N,N,J,N,KUNDER OVER 18 ÅR MED D-NUMMER     ,N,N,N,N,N,N,N,N,N,N,N
4519,42026876464,P,00900,Melissa Adem                       ,Aakvik                             ,N,N,N,J,N,KUNDER OVER 18 ÅR MED D-NUMMER     ,N,N,N,N,N,N,N,N,N,N,N
4519,46069150128,P,00900,Alva Manuel                        ,Ekeland                            ,N,N,N,J,N,KUNDER OVER 18 ÅR MED D-NUMMER     ,N,N,N,N,N,N,N,N,N,N,N
4519,64029104806,P,00102,Timothy Siw                        ,Omholt                             ,N,N,N,J,N,KUNDER OVER 18 ÅR MED D-NUMMER     ,N,N,N,N,N,N,N,N,N,N,N
4519,44038800598,P,00800,Annelin Marius                     ,Olsvik                             ,N,N,N,J,N,KUNDER OVER 18 ÅR MED D-NUMMER     ,N,N,N,N,N,N,N,N,N,N,N
4519,48067656590,P,01200,Oxana Bernt                        ,Fedje                              ,N,N,N,J,N,KUNDER OVER 18 ÅR MED D-NUMMER     ,N,N,N,N,N,N,N,N,N,N,N
4519,55037352186,P,03300,Fridtjov An-Magritt                ,Moksnes                            ,N,N,N,J,N,KUNDER OVER 18 ÅR MED D-NUMMER     ,N,N,N,N,N,N,N,N,N,N,N
4519,53038713538,P,00800,Asle Solbjørg                      ,Aasberg                            ,N,N,N,J,N,KUNDER OVER 18 ÅR MED D-NUMMER     ,N,N,N,N,N,N,N,N,N,N,N
4519,41085276199,P,00800,Ea Aslak                           ,Berstad                            ,N,N,N,J,N,KUNDER OVER 18 ÅR MED D-NUMMER     ,N,N,N,N,N,N,N,N,N,N,N
4519,47059707309,P,00800,Bartosz Sigita                     ,Austad                             ,N,N,N,J,N,KUNDER OVER 18 ÅR MED D-NUMMER     ,N,N,N,N,N,N,N,N,N,N,N
4519,64067501908,P,00900,Doris Mattis                       ,Tofte                              ,N,N,N,J,N,KUNDER OVER 18 ÅR MED D-NUMMER     ,N,N,N,N,N,N,N,N,N,N,N
4519,62068807943,P,00102,Mattis Faiza                       ,Scheie                             ,N,N,N,J,N,KUNDER OVER 18 ÅR MED D-NUMMER     ,N,N,N,N,N,N,N,N,N,N,N
4519,69057906782,P,00102,Donatas Paola                      ,Wallin                             ,N,N,N,J,N,KUNDER OVER 18 ÅR MED D-NUMMER     ,N,N,N,N,N,N,N,N,N,N,N
4519,66039400996,P,00102,Farida Haakon                      ,Lilleeng                           ,N,N,N,J,N,KUNDER OVER 18 ÅR MED D-NUMMER     ,N,N,N,N,N,N,N,N,N,N,N
4519,54107276737,P,00102,Oluf Snefrid                       ,Landa                              ,N,N,N,J,N,KUNDER OVER 18 ÅR MED D-NUMMER     ,N,N,N,N,N,N,N,N,N,N,N
4519,53129158103,P,00800,Pablo Linh                         ,Stokka                             ,N,N,N,J,N,KUNDER OVER 18 ÅR MED D-NUMMER     ,N,N,N,N,N,N,N,N,N,N,N
4519,68087658361,P,01200,Connie Laimonas                    ,Hansson                            ,N,N,N,J,N,KUNDER OVER 18 ÅR MED D-NUMMER     ,N,N,N,N,N,N,N,N,N,N,N
4519,53028004342,P,00102,Asmund Hildegard                   ,Fosshaug                           ,N,N,N,J,N,KUNDER OVER 18 ÅR MED D-NUMMER     ,N,N,N,N,N,N,N,N,N,N,N
4519,60046558793,P,00102,Nikita Franziska                   ,Kasin                              ,N,N,N,J,N,KUNDER OVER 18 ÅR MED D-NUMMER     ,N,N,N,N,N,N,N,N,N,N,N
4519,50087307961,P,00102,Morteza Irmelin                    ,Eidem                              ,N,N,N,J,N,KUNDER OVER 18 ÅR MED D-NUMMER     ,N,N,N,N,N,N,N,N,N,N,N
4519,62047507559,P,00900,Aileen Juozas                      ,Åsheim                             ,N,N,N,J,N,KUNDER OVER 18 ÅR MED D-NUMMER     ,N,N,N,N,N,N,N,N,N,N,N
4519,42017219981,P,00102,Annelise Gard                      ,Aaslund                            ,N,N,N,J,N,KUNDER OVER 18 ÅR MED D-NUMMER     ,N,N,N,N,N,N,N,N,N,N,N
4519,57057402999,P,00102,Petr Liza                          ,Indahl                             ,N,N,N,J,N,KUNDER OVER 18 ÅR MED D-NUMMER     ,N,N,N,N,N,N,N,N,N,N,N
4519,62119806742,P,00102,Uno Anne-Brit                      ,Hausken                            ,N,N,N,J,N,KUNDER OVER 18 ÅR MED D-NUMMER     ,N,N,N,N,N,N,N,N,N,N,N
4519,66025701306,P,01200,Geir Anne-Brit                     ,Aaslund                            ,N,N,N,J,N,KUNDER OVER 18 ÅR MED D-NUMMER     ,N,N,N,N,N,N,N,N,N,N,N
4519,52100078740,P,00800,Emilio Stefanie                    ,Andersen                           ,N,N,N,J,N,KUNDER OVER 18 ÅR MED D-NUMMER     ,N,N,N,N,N,N,N,N,N,N,N
4519,67066457327,P,00800,Farhad Alicia                      ,Dahlgren                           ,N,N,N,J,N,KUNDER OVER 18 ÅR MED D-NUMMER     ,N,N,N,N,N,N,N,N,N,N,N
4519,53076951604,P,00800,Uno Edda                           ,Rud                                ,N,N,N,J,N,KUNDER OVER 18 ÅR MED D-NUMMER     ,N,N,N,N,N,N,N,N,N,N,N
4519,66028157089,P,00102,Iryna Mieczyslaw                   ,Sørnes                             ,N,N,N,J,N,KUNDER OVER 18 ÅR MED D-NUMMER     ,N,N,N,N,N,N,N,N,N,N,N
4519,62067852376,P,00800,Yosef Clara                        ,Røhne                              ,N,N,N,N,N,KUNDER OVER 18 ÅR MED D-NUMMER     ,N,N,N,N,N,N,N,N,N,N,N
4519,48106908772,P,01200,Norah Trond                        ,Kvaal                              ,N,N,N,J,N,KUNDER OVER 18 ÅR MED D-NUMMER     ,N,N,N,N,N,N,N,N,N,N,N
4519,53089605543,P,00102,Othelie Dario                      ,Benjaminsen                        ,N,N,N,J,N,KUNDER OVER 18 ÅR MED D-NUMMER     ,N,N,N,N,N,N,N,N,N,N,N
4519,54088901757,P,01200,Bjarte Merete                      ,Tallaksen                          ,N,N,N,J,N,KUNDER OVER 18 ÅR MED D-NUMMER     ,N,N,N,N,N,N,N,N,N,N,N
4519,67026657994,P,00900,Eden Noel                          ,Svenningsen                        ,N,N,N,J,N,KUNDER OVER 18 ÅR MED D-NUMMER     ,N,N,N,N,N,N,N,N,N,N,N
4519,68126503753,P,00102,Silja Evert                        ,Grude                              ,N,N,N,J,N,KUNDER OVER 18 ÅR MED D-NUMMER     ,N,N,N,N,N,N,N,N,N,N,N
4519,55048001172,P,00800,Siw Njål                           ,Guldberg                           ,N,N,N,J,N,KUNDER OVER 18 ÅR MED D-NUMMER     ,N,N,N,N,N,N,N,N,N,N,N
4519,48058175180,P,00102,Ramunas Sølvi                      ,Askeland                           ,N,N,N,J,N,KUNDER OVER 18 ÅR MED D-NUMMER     ,N,N,N,N,N,N,N,N,N,N,N
4519,54058458360,P,00800,Anlaug Bastian                     ,Almli                              ,N,N,N,J,N,KUNDER OVER 18 ÅR MED D-NUMMER     ,N,N,N,N,N,N,N,N,N,N,N
4519,43017054296,P,00900,Mika Irma                          ,Flaa                               ,N,N,N,J,N,KUNDER OVER 18 ÅR MED D-NUMMER     ,N,N,N,N,N,N,N,N,N,N,N
4519,44087308569,P,01200,Jan-Fredrik Minda                  ,Gjedrem                            ,N,N,N,J,N,KUNDER OVER 18 ÅR MED D-NUMMER     ,N,N,N,N,N,N,N,N,N,N,N
4519,58027308102,P,01200,Wencke Rudi                        ,Storsve                            ,N,N,N,J,N,KUNDER OVER 18 ÅR MED D-NUMMER     ,N,N,N,N,N,N,N,N,N,N,N
4519,55108500785,P,00102,Thilde Agnar                       ,Skjønhaug                          ,N,N,N,J,N,KUNDER OVER 18 ÅR MED D-NUMMER     ,N,N,N,N,N,N,N,N,N,N,N
4519,54118176300,P,00102,Oskar Kaisa                        ,Stange                             ,N,N,N,J,N,KUNDER OVER 18 ÅR MED D-NUMMER     ,N,N,N,N,N,N,N,N,N,N,N
4519,54088253755,P,00102,Edmund Oddveig                     ,Ellefsen                           ,N,N,N,J,N,KUNDER OVER 18 ÅR MED D-NUMMER     ,N,N,N,N,N,N,N,N,N,N,N
4519,65075957224,P,01200,Mailinn Roald                      ,Kløvstad                           ,N,N,N,J,N,KUNDER OVER 18 ÅR MED D-NUMMER     ,N,N,N,N,N,N,N,N,N,N,N
4519,45068602576,P,00102,Ramune Herleif                     ,Solum                              ,N,N,N,J,N,KUNDER OVER 18 ÅR MED D-NUMMER     ,N,N,N,N,N,N,N,N,N,N,N
4519,68117977211,P,00102,Betzy Ireneusz                     ,Leirdal                            ,N,N,N,J,N,KUNDER OVER 18 ÅR MED D-NUMMER     ,N,N,N,N,N,N,N,N,N,N,N
4519,57129900492,P,00102,Johanna Dario                      ,Lidal                              ,N,N,N,J,N,KUNDER OVER 18 ÅR MED D-NUMMER     ,N,N,N,N,N,N,N,N,N,N,N
4519,46039901560,P,00102,Sajjad Camilla                     ,Kongsrud                           ,N,N,N,J,N,KUNDER OVER 18 ÅR MED D-NUMMER     ,N,N,N,N,N,N,N,N,N,N,N
4519,45098507845,P,00900,Henrikke Gheorghe                  ,Sørmo                              ,N,N,N,J,N,KUNDER OVER 18 ÅR MED D-NUMMER     ,N,N,N,N,N,N,N,N,N,N,N
4519,42068857591,P,00102,Sigita Ireneusz                    ,Torland                            ,N,N,N,J,N,KUNDER OVER 18 ÅR MED D-NUMMER     ,N,N,N,N,N,N,N,N,N,N,N
4519,62029355253,P,00800,Justinas Galina                    ,Madsen                             ,N,N,N,J,N,KUNDER OVER 18 ÅR MED D-NUMMER     ,N,N,N,N,N,N,N,N,N,N,N
4519,68108708143,P,00102,Mårten Tone                        ,Nylund                             ,N,N,N,J,N,KUNDER OVER 18 ÅR MED D-NUMMER     ,N,N,N,N,N,N,N,N,N,N,N
4519,68069055366,P,00102,Jardar Venke                       ,Brækken                            ,N,N,N,J,N,KUNDER OVER 18 ÅR MED D-NUMMER     ,N,N,N,N,N,N,N,N,N,N,N
4519,57037106544,P,00800,Marianna Rytis                     ,Garnes                             ,N,N,N,J,N,KUNDER OVER 18 ÅR MED D-NUMMER     ,N,N,N,N,N,N,N,N,N,N,N
4519,52066508919,P,00800,Tadeusz Sollaug                    ,Lone                               ,N,N,N,J,N,KUNDER OVER 18 ÅR MED D-NUMMER     ,N,N,N,N,N,N,N,N,N,N,N
4519,62048307111,P,00800,Ernestas Liza                      ,Malik                              ,N,N,N,J,N,KUNDER OVER 18 ÅR MED D-NUMMER     ,N,N,N,N,N,N,N,N,N,N,N
4519,57089303364,P,00102,Ahmed Inger-Johanne                ,Jonassen                           ,N,N,N,J,N,KUNDER OVER 18 ÅR MED D-NUMMER     ,N,N,N,N,N,N,N,N,N,N,N
4519,67129254553,P,00102,Gordon Milena                      ,Hilstad                            ,N,N,N,J,N,KUNDER OVER 18 ÅR MED D-NUMMER     ,N,N,N,N,N,N,N,N,N,N,N
4519,67078877887,P,00102,Cynthia Stig                       ,Frøysa                             ,N,N,N,J,N,KUNDER OVER 18 ÅR MED D-NUMMER     ,N,N,N,N,N,N,N,N,N,N,N
4519,53117777576,P,01200,Kristin Sture                      ,Buvik                              ,N,N,N,J,N,KUNDER OVER 18 ÅR MED D-NUMMER     ,N,N,N,N,N,N,N,N,N,N,N
4519,55028902963,P,00102,Birgit Kris                        ,Hammersland                        ,N,N,N,J,N,KUNDER OVER 18 ÅR MED D-NUMMER     ,N,N,N,N,N,N,N,N,N,N,N
4519,44107800104,P,01200,Hasan Konsulent                    ,Otnes                              ,N,N,N,J,N,KUNDER OVER 18 ÅR MED D-NUMMER     ,N,N,N,N,N,N,N,N,N,N,N
4519,54119377407,P,00102,Yassin Anne-Kristin                ,Hassel                             ,N,N,N,J,N,KUNDER OVER 18 ÅR MED D-NUMMER     ,N,N,N,N,N,N,N,N,N,N,N
4519,55099056575,P,00102,Pernille Adem                      ,Tonheim                            ,N,N,N,J,N,KUNDER OVER 18 ÅR MED D-NUMMER     ,N,N,N,N,N,N,N,N,N,N,N
4519,54018306789,P,00102,Rodney Nikoline                    ,Knutsen                            ,N,N,N,J,N,KUNDER OVER 18 ÅR MED D-NUMMER     ,N,N,N,N,N,N,N,N,N,N,N
4519,65056655713,P,01200,Valter Danielle                    ,Østrem                             ,N,N,N,J,N,KUNDER OVER 18 ÅR MED D-NUMMER     ,N,N,N,N,N,N,N,N,N,N,N
4519,45058004077,P,00102,Petras Bibbi                       ,Yttervik                           ,N,N,N,J,N,KUNDER OVER 18 ÅR MED D-NUMMER     ,N,N,N,N,N,N,N,N,N,N,N
4519,64057675304,P,01200,Geir Leah                          ,Nystad                             ,N,N,N,N,N,KUNDER OVER 18 ÅR MED D-NUMMER     ,N,N,N,N,N,N,N,N,N,N,N
4519,60116809594,P,00102,Hasan Anneli                       ,Grude                              ,N,N,N,J,N,KUNDER OVER 18 ÅR MED D-NUMMER     ,N,N,N,N,N,N,N,N,N,N,N
4519,44099400169,P,00102,Maksim Natalija                    ,Willassen                          ,N,N,N,J,N,KUNDER OVER 18 ÅR MED D-NUMMER     ,N,N,N,N,N,N,N,N,N,N,N
4519,44116205138,P,00800,Dagny Henri                        ,Williams                           ,N,N,N,J,N,KUNDER OVER 18 ÅR MED D-NUMMER     ,N,N,N,N,N,N,N,N,N,N,N
4519,62099007147,P,00800,Solrun Orhan                       ,Rognlien                           ,N,N,N,J,N,KUNDER OVER 18 ÅR MED D-NUMMER     ,N,N,N,N,N,N,N,N,N,N,N
4519,60029202527,P,00900,Oline Stein-Erik                   ,Ekeli                              ,N,N,N,J,N,KUNDER OVER 18 ÅR MED D-NUMMER     ,N,N,N,N,N,N,N,N,N,N,N
4519,53016557109,P,00900,Ellisiv Krzysztof                  ,Eik                                ,N,N,N,J,N,KUNDER OVER 18 ÅR MED D-NUMMER     ,N,N,N,N,N,N,N,N,N,N,N
4519,53039276786,P,00800,Robertas Aneta                     ,Kvaale                             ,N,N,N,J,N,KUNDER OVER 18 ÅR MED D-NUMMER     ,N,N,N,N,N,N,N,N,N,N,N
4519,44058854503,P,01200,Farhad Wenke                       ,Ulven                              ,N,N,N,J,N,KUNDER OVER 18 ÅR MED D-NUMMER     ,N,N,N,N,N,N,N,N,N,N,N
4519,51016304380,P,00800,Hasan Emely                        ,Myrhaug                            ,N,N,N,J,N,KUNDER OVER 18 ÅR MED D-NUMMER     ,N,N,N,N,N,N,N,N,N,N,N
4519,52015953950,P,00102,Justas Annelise                    ,Olsson                             ,N,N,N,J,N,KUNDER OVER 18 ÅR MED D-NUMMER     ,N,N,N,N,N,N,N,N,N,N,N
4519,48084452109,P,00102,Dalia Ingvald                      ,Håland                             ,N,N,N,J,N,KUNDER OVER 18 ÅR MED D-NUMMER     ,N,N,N,N,N,N,N,N,N,N,N
4519,45119505961,P,00102,Rasa Sindre                        ,Ravndal                            ,N,N,N,J,N,KUNDER OVER 18 ÅR MED D-NUMMER     ,N,N,N,N,N,N,N,N,N,N,N
4519,57107854551,P,01200,Uno Hana                           ,Røberg                             ,N,N,N,J,N,KUNDER OVER 18 ÅR MED D-NUMMER     ,N,N,N,N,N,N,N,N,N,N,N
4519,57118775106,P,00800,Torleiv Jessica                    ,Strand                             ,N,N,N,J,N,KUNDER OVER 18 ÅR MED D-NUMMER     ,N,N,N,N,N,N,N,N,N,N,N
4519,48037250190,P,00900,May Mirza                          ,Wergeland                          ,N,N,N,J,N,KUNDER OVER 18 ÅR MED D-NUMMER     ,N,N,N,N,N,N,N,N,N,N,N
4519,49058778949,P,00102,Ingebjørg Hallstein                ,Woldseth                           ,N,N,N,J,N,KUNDER OVER 18 ÅR MED D-NUMMER     ,N,N,N,N,N,N,N,N,N,N,N
4519,49047951797,P,01200,Vanja Dmitri                       ,Hanssen                            ,N,N,N,J,N,KUNDER OVER 18 ÅR MED D-NUMMER     ,N,N,N,N,N,N,N,N,N,N,N
4519,67098901725,P,00800,Asle Claudia                       ,Kruse                              ,N,N,N,J,N,KUNDER OVER 18 ÅR MED D-NUMMER     ,N,N,N,N,N,N,N,N,N,N,N
4519,42045753594,P,00900,Ingrida Harald                     ,Aandahl                            ,N,N,N,J,N,KUNDER OVER 18 ÅR MED D-NUMMER     ,N,N,N,N,N,N,N,N,N,N,N
4519,49119252740,P,00102,Mehran Viviann                     ,Englund                            ,N,N,N,J,N,KUNDER OVER 18 ÅR MED D-NUMMER     ,N,N,N,N,N,N,N,N,N,N,N
4519,61027715361,P,00900,Tron Melinda                       ,Osmundsen                          ,N,N,N,J,N,KUNDER OVER 18 ÅR MED D-NUMMER     ,N,N,N,N,N,N,N,N,N,N,N
4519,46018302330,P,01200,Elna Gaute                         ,Torvik                             ,N,N,N,J,N,KUNDER OVER 18 ÅR MED D-NUMMER     ,N,N,N,N,N,N,N,N,N,N,N
4519,53047401816,P,00102,Cathinka Billy                     ,Hegge                              ,N,N,N,J,N,KUNDER OVER 18 ÅR MED D-NUMMER     ,N,N,N,N,N,N,N,N,N,N,N
4519,62028075621,P,00102,Farhad Agathe                      ,Robberstad                         ,N,N,N,J,N,KUNDER OVER 18 ÅR MED D-NUMMER     ,N,N,N,N,N,N,N,N,N,N,N
4519,59108754375,P,01200,Mike Helen                         ,Oliversen                          ,N,N,N,J,N,KUNDER OVER 18 ÅR MED D-NUMMER     ,N,N,N,N,N,N,N,N,N,N,N
4519,67054205586,P,00102,Ole-Morten Maija                   ,Ekeberg                            ,N,N,N,J,N,KUNDER OVER 18 ÅR MED D-NUMMER     ,N,N,N,N,N,N,N,N,N,N,N
4519,53106078315,P,00800,Oddmar Wiktoria                    ,Mathiassen                         ,N,N,N,N,N,KUNDER OVER 18 ÅR MED D-NUMMER     ,N,N,N,N,N,N,N,N,N,N,N
4519,54099506426,P,00900,Victor Aimee                       ,Kvaløy                             ,J,N,N,J,N,KUNDER OVER 18 ÅR MED D-NUMMER     ,N,N,N,N,N,N,N,N,N,N,N
4519,67017707091,P,00800,Thi Julio                          ,Rørstad                            ,N,N,N,J,N,KUNDER OVER 18 ÅR MED D-NUMMER     ,N,N,N,N,N,N,N,N,N,N,N
4519,48087105345,P,01200,Valdemar Cornelia                  ,Mykland                            ,N,N,N,J,N,KUNDER OVER 18 ÅR MED D-NUMMER     ,N,N,N,N,N,N,N,N,N,N,N
4519,48028700280,P,00900,Bushra Juozas                      ,Auestad                            ,N,N,N,J,N,KUNDER OVER 18 ÅR MED D-NUMMER     ,N,N,N,N,N,N,N,N,N,N,N
4519,67055758740,P,01200,Nikita Hilde-Gunn                  ,Hylland                            ,N,N,N,J,N,KUNDER OVER 18 ÅR MED D-NUMMER     ,N,N,N,N,N,N,N,N,N,N,N
4519,53027878241,P,00800,Eduardo Vilde                      ,Hjelm                              ,N,N,N,J,N,KUNDER OVER 18 ÅR MED D-NUMMER     ,N,N,N,N,N,N,N,N,N,N,N
4519,45108206784,P,00102,Lars-Kristian Denise               ,Kim                                ,N,N,N,J,N,KUNDER OVER 18 ÅR MED D-NUMMER     ,N,N,N,N,N,N,N,N,N,N,N
4519,51119408346,P,00800,Afrim Kariann                      ,Azizi                              ,N,N,N,J,N,KUNDER OVER 18 ÅR MED D-NUMMER     ,N,N,N,N,N,N,N,N,N,N,N
4519,56109057911,P,00800,Edith Wiktor                       ,Hussein                            ,N,N,N,J,N,KUNDER OVER 18 ÅR MED D-NUMMER     ,N,N,N,N,N,N,N,N,N,N,N
4519,48128007442,P,00900,Mariell Sturle                     ,Aamodt                             ,N,N,N,J,N,KUNDER OVER 18 ÅR MED D-NUMMER     ,N,N,N,N,N,N,N,N,N,N,N
4519,49129505736,P,00900,Cristian Marthe                    ,Wang                               ,N,N,N,J,N,KUNDER OVER 18 ÅR MED D-NUMMER     ,N,N,N,N,N,N,N,N,N,N,N
4519,47078201939,P,00102,Gordon Live                        ,Jama                               ,N,N,N,J,N,KUNDER OVER 18 ÅR MED D-NUMMER     ,N,N,N,N,N,N,N,N,N,N,N
4519,42085604303,P,00800,Frithjof Weronika                  ,Fosse                              ,N,N,N,J,N,KUNDER OVER 18 ÅR MED D-NUMMER     ,N,N,N,N,N,N,N,N,N,N,N
4519,50058775174,P,00102,Thone Eigil                        ,Blakstad                           ,N,N,N,J,N,KUNDER OVER 18 ÅR MED D-NUMMER     ,N,N,N,N,N,N,N,N,N,N,N
4519,58128704211,P,00102,Mari Abdulkadir                    ,Miljeteig                          ,N,N,N,J,N,KUNDER OVER 18 ÅR MED D-NUMMER     ,N,N,N,N,N,N,N,N,N,N,N
4519,65127378163,P,00102,Niklas Ellie                       ,Buene                              ,N,N,N,J,N,KUNDER OVER 18 ÅR MED D-NUMMER     ,N,N,N,N,N,N,N,N,N,N,N
4519,57018304866,P,00102,Rebecka Syed                       ,Tyldum                             ,N,N,N,J,N,KUNDER OVER 18 ÅR MED D-NUMMER     ,N,N,N,N,N,N,N,N,N,N,N
4519,41105351478,P,00800,Lise-Lotte Herleif                 ,Reigstad                           ,N,N,N,J,N,KUNDER OVER 18 ÅR MED D-NUMMER     ,N,N,N,N,N,N,N,N,N,N,N
4519,52018058782,P,00102,Runhild Ionut                      ,Lærum                              ,N,N,N,J,N,KUNDER OVER 18 ÅR MED D-NUMMER     ,N,N,N,N,N,N,N,N,N,N,N
4519,69045902471,P,00102,Jorunn Hallgeir                    ,Engebakken                         ,N,N,N,J,N,KUNDER OVER 18 ÅR MED D-NUMMER     ,N,N,N,N,N,N,N,N,N,N,N
4519,42089102663,P,00102,Tore Herborg                       ,Byrkjeland                         ,N,N,N,J,N,KUNDER OVER 18 ÅR MED D-NUMMER     ,N,N,N,N,N,N,N,N,N,N,N
4519,58049507397,P,00102,Tadeusz Johanna                    ,Ulland                             ,N,N,N,J,N,KUNDER OVER 18 ÅR MED D-NUMMER     ,N,N,N,N,N,N,N,N,N,N,N
4519,46118758137,P,00102,Hallstein Inez                     ,Nystrøm                            ,N,N,N,J,N,KUNDER OVER 18 ÅR MED D-NUMMER     ,N,N,N,N,N,N,N,N,N,N,N
4519,60018302015,P,00102,Rowena Alv                         ,Flage                              ,N,N,N,J,N,KUNDER OVER 18 ÅR MED D-NUMMER     ,N,N,N,N,N,N,N,N,N,N,N
4519,46089608899,P,00102,Valdemar Iman                      ,Hervik                             ,N,N,N,J,N,KUNDER OVER 18 ÅR MED D-NUMMER     ,N,N,N,N,N,N,N,N,N,N,N
4519,41119076178,P,00102,Judith Duy                         ,Høglund                            ,N,N,N,J,N,KUNDER OVER 18 ÅR MED D-NUMMER     ,N,N,N,N,N,N,N,N,N,N,N
4519,51039407160,P,00102,Gunnvor Joakim                     ,Silden                             ,N,N,N,J,N,KUNDER OVER 18 ÅR MED D-NUMMER     ,N,N,N,N,N,N,N,N,N,N,N
4519,44065100395,P,01200,Normann Ann-Christin               ,Leite                              ,N,N,N,J,N,KUNDER OVER 18 ÅR MED D-NUMMER     ,N,N,N,N,N,N,N,N,N,N,N
4519,66089077304,P,00800,Madeleine Tristan                  ,Hilmarsen                          ,N,N,N,J,N,KUNDER OVER 18 ÅR MED D-NUMMER     ,N,N,N,N,N,N,N,N,N,N,N
4519,49116900172,P,00102,Juozas Gurid                       ,Nyvoll                             ,N,N,N,J,N,KUNDER OVER 18 ÅR MED D-NUMMER     ,N,N,N,N,N,N,N,N,N,N,N
4519,42097605658,P,01200,Edmund Anne-Kathrine               ,Skauen                             ,N,J,N,J,N,KUNDER OVER 18 ÅR MED D-NUMMER     ,N,N,N,N,N,N,N,N,N,N,N
4519,54046951592,P,00900,Radoslaw Ksenia                    ,Digernes                           ,N,N,N,J,N,KUNDER OVER 18 ÅR MED D-NUMMER     ,N,N,N,N,N,N,N,N,N,N,N
4519,50117255619,P,00102,Lucas Maritha                      ,Tharaldsen                         ,N,N,N,J,N,KUNDER OVER 18 ÅR MED D-NUMMER     ,N,N,N,N,N,N,N,N,N,N,N
4519,52069203892,P,00900,Tom-Arne Lea                       ,Walberg                            ,N,N,N,J,N,KUNDER OVER 18 ÅR MED D-NUMMER     ,N,N,N,N,N,N,N,N,N,N,N
4519,53109254122,P,00102,Edle Valentin                      ,Eriksen                            ,N,N,N,J,N,KUNDER OVER 18 ÅR MED D-NUMMER     ,N,N,N,N,N,N,N,N,N,N,N
4519,68076605878,P,00102,Ole-Jacob Maureen                  ,Lohne                              ,N,N,N,J,N,KUNDER OVER 18 ÅR MED D-NUMMER     ,N,N,N,N,N,N,N,N,N,N,N
4519,53088602125,P,00102,Amelie Orhan                       ,Sandum                             ,N,N,N,J,N,KUNDER OVER 18 ÅR MED D-NUMMER     ,N,N,N,N,N,N,N,N,N,N,N
4519,68048878710,P,00102,Daniela Elvis                      ,Bakker                             ,N,N,N,J,N,KUNDER OVER 18 ÅR MED D-NUMMER     ,N,N,N,N,N,N,N,N,N,N,N
4519,68059805138,P,00102,Torild Julian                      ,Nybø                               ,N,N,N,J,N,KUNDER OVER 18 ÅR MED D-NUMMER     ,N,N,N,N,N,N,N,N,N,N,N
4519,42036058220,P,01200,Seline Bjørge                      ,Thu                                ,N,N,N,J,N,KUNDER OVER 18 ÅR MED D-NUMMER     ,N,N,N,N,N,N,N,N,N,N,N
4519,68039700593,P,00102,Jens Elfrida                       ,Kolstad                            ,N,N,N,J,N,KUNDER OVER 18 ÅR MED D-NUMMER     ,N,N,N,N,N,N,N,N,N,N,N
4519,42128858959,P,00102,Salih Anne-Marte                   ,Storvik                            ,N,N,N,J,N,KUNDER OVER 18 ÅR MED D-NUMMER     ,N,N,N,N,N,N,N,N,N,N,N
4519,66088376707,P,00102,Ingo Viviann                       ,Granum                             ,J,N,N,J,N,KUNDER OVER 18 ÅR MED D-NUMMER     ,N,N,N,N,N,N,N,N,N,N,N
4519,63069808028,P,00102,Edny Mikko                         ,Dalby                              ,N,N,N,J,N,KUNDER OVER 18 ÅR MED D-NUMMER     ,N,N,N,N,N,N,N,N,N,N,N
4519,68059102579,P,00800,Emad Thi                           ,Riiser                             ,N,N,N,J,N,KUNDER OVER 18 ÅR MED D-NUMMER     ,N,N,N,N,N,N,N,N,N,N,N
4519,43109704122,P,00900,Dawid Hildur                       ,Smistad                            ,N,N,N,J,N,KUNDER OVER 18 ÅR MED D-NUMMER     ,N,N,N,N,N,N,N,N,N,N,N
4519,54088453525,P,00800,Lillann Skule                      ,Løvdal                             ,N,N,N,J,N,KUNDER OVER 18 ÅR MED D-NUMMER     ,N,N,N,N,N,N,N,N,N,N,N
4519,66019351379,P,00800,Ylva Harald                        ,Vestøl                             ,N,N,N,J,N,KUNDER OVER 18 ÅR MED D-NUMMER     ,N,N,N,N,N,N,N,N,N,N,N
4519,52028500114,P,00102,Tony Dina                          ,Vedøy                              ,N,N,N,J,N,KUNDER OVER 18 ÅR MED D-NUMMER     ,N,N,N,N,N,N,N,N,N,N,N
4519,52126902786,P,00102,Hallstein Elzbieta                 ,Styve                              ,N,N,N,J,N,KUNDER OVER 18 ÅR MED D-NUMMER     ,N,N,N,N,N,N,N,N,N,N,N
4519,58029105594,P,01200,Sajjad Eileen                      ,Evju                               ,N,N,N,J,N,KUNDER OVER 18 ÅR MED D-NUMMER     ,N,N,N,N,N,N,N,N,N,N,N
4519,61049601807,P,01200,Borghild Tord                      ,Bergman                            ,N,N,N,J,N,KUNDER OVER 18 ÅR MED D-NUMMER     ,N,N,N,N,N,N,N,N,N,N,N
4519,53079602597,P,00102,Youssef Mariam                     ,Magnusson                          ,N,N,N,J,N,KUNDER OVER 18 ÅR MED D-NUMMER     ,N,N,N,N,N,N,N,N,N,N,N
4519,63017202326,P,00102,Sivert Hilma                       ,Konradsen                          ,N,N,N,J,N,KUNDER OVER 18 ÅR MED D-NUMMER     ,N,N,N,N,N,N,N,N,N,N,N
4519,54036853835,P,00800,Maja Sindre                        ,Lie                                ,N,N,N,J,N,KUNDER OVER 18 ÅR MED D-NUMMER     ,N,N,N,N,N,N,N,N,N,N,N
4519,46036001941,P,00800,Mika Suzan                         ,Fanebust                           ,N,N,N,J,N,KUNDER OVER 18 ÅR MED D-NUMMER     ,N,N,N,N,N,N,N,N,N,N,N
4519,49118354078,P,00102,Galina Bruno                       ,Serigstad                          ,N,N,N,J,N,KUNDER OVER 18 ÅR MED D-NUMMER     ,N,N,N,N,N,N,N,N,N,N,N
4519,60118957574,P,00102,Azad Kristiane                     ,Langaas                            ,N,N,N,J,N,KUNDER OVER 18 ÅR MED D-NUMMER     ,N,N,N,N,N,N,N,N,N,N,N
4519,46018904357,P,00102,Andre Åsne                         ,Taranger                           ,N,N,N,J,N,KUNDER OVER 18 ÅR MED D-NUMMER     ,N,N,N,N,N,N,N,N,N,N,N
4519,58096357778,P,00800,Kjellrun Borger                    ,Moum                               ,N,N,N,J,N,KUNDER OVER 18 ÅR MED D-NUMMER     ,N,N,N,N,N,N,N,N,N,N,N
4519,46097807566,P,00800,Carina Abdulahi                    ,Petterson                          ,N,N,N,J,N,KUNDER OVER 18 ÅR MED D-NUMMER     ,N,N,N,N,N,N,N,N,N,N,N
4519,54037202021,P,00800,Oskar Anke                         ,Aamot                              ,N,N,N,J,N,KUNDER OVER 18 ÅR MED D-NUMMER     ,N,N,N,N,N,N,N,N,N,N,N
4519,67030102263,P,00102,Ranveig Trym                       ,Elden                              ,N,N,N,J,N,KUNDER OVER 18 ÅR MED D-NUMMER     ,N,N,N,N,N,N,N,N,N,N,N
4519,57124756709,P,01200,Bibbi Kenny                        ,Vestnes                            ,N,N,N,J,N,KUNDER OVER 18 ÅR MED D-NUMMER     ,N,N,N,N,N,N,N,N,N,N,N
4519,52098506934,P,00102,Berge Wanda                        ,Wu                                 ,N,N,N,J,N,KUNDER OVER 18 ÅR MED D-NUMMER     ,N,N,N,N,N,N,N,N,N,N,N
4519,41038657974,P,00102,Azad Asta                          ,Nærø                               ,N,N,N,J,N,KUNDER OVER 18 ÅR MED D-NUMMER     ,N,N,N,N,N,N,N,N,N,N,N
4519,54108975574,P,01200,Sylvi Mirza                        ,Mehl                               ,N,N,N,J,N,KUNDER OVER 18 ÅR MED D-NUMMER     ,N,N,N,N,N,N,N,N,N,N,N
4519,46017875736,P,00102,Donatas Andrine                    ,Lohne                              ,N,N,N,J,N,KUNDER OVER 18 ÅR MED D-NUMMER     ,N,N,N,N,N,N,N,N,N,N,N
4519,43018258278,P,00102,Iman Mateo                         ,Drønen                             ,N,N,N,J,N,KUNDER OVER 18 ÅR MED D-NUMMER     ,N,N,N,N,N,N,N,N,N,N,N
4519,54118353350,P,00900,Herman Catalina                    ,Sogn                               ,N,N,N,J,N,KUNDER OVER 18 ÅR MED D-NUMMER     ,N,N,N,N,N,N,N,N,N,N,N
4519,58108855302,P,01200,Milda Sune                         ,Bekkelund                          ,N,N,N,J,N,KUNDER OVER 18 ÅR MED D-NUMMER     ,N,N,N,N,N,N,N,N,N,N,N
4519,57128675932,P,00800,Abdirashid Andreea                 ,Vatn                               ,N,N,N,J,N,KUNDER OVER 18 ÅR MED D-NUMMER     ,N,N,N,N,N,N,N,N,N,N,N
4519,51127507507,P,00800,Fatime Ireneusz                    ,Einvik                             ,N,N,N,J,N,KUNDER OVER 18 ÅR MED D-NUMMER     ,N,N,N,N,N,N,N,N,N,N,N
4519,42119505792,P,01200,Brian Naima                        ,Veland                             ,N,N,N,J,N,KUNDER OVER 18 ÅR MED D-NUMMER     ,N,N,N,N,N,N,N,N,N,N,N
4519,59027507128,P,00800,Mattis Gloria                      ,Sperre                             ,N,N,N,J,N,KUNDER OVER 18 ÅR MED D-NUMMER     ,N,N,N,N,N,N,N,N,N,N,N
4519,46079805793,P,00800,Jill Sune                          ,Slåtten                            ,N,N,N,J,N,KUNDER OVER 18 ÅR MED D-NUMMER     ,N,N,N,N,N,N,N,N,N,N,N
4519,50058754789,P,00102,Madelen Francisco                  ,Erga                               ,N,N,N,J,N,KUNDER OVER 18 ÅR MED D-NUMMER     ,N,N,N,N,N,N,N,N,N,N,N
4519,46056707719,P,00102,Malika Attila                      ,Nymark                             ,N,N,N,J,N,KUNDER OVER 18 ÅR MED D-NUMMER     ,N,N,N,N,N,N,N,N,N,N,N
4519,52057418494,P,00800,Joacim Margreta                    ,Buraas                             ,N,N,N,J,N,KUNDER OVER 18 ÅR MED D-NUMMER     ,N,N,N,N,N,N,N,N,N,N,N
4519,54110056187,P,00900,Oluf Snefrid                       ,Isachsen                           ,N,N,N,J,N,KUNDER OVER 18 ÅR MED D-NUMMER     ,N,N,N,N,N,N,N,N,N,N,N
4519,59020152375,P,00102,Ådne Lana                          ,Ismail                             ,N,N,N,J,N,KUNDER OVER 18 ÅR MED D-NUMMER     ,N,N,N,N,N,N,N,N,N,N,N
4519,65038808936,P,00900,Marcel Elzbieta                    ,Slette                             ,N,N,N,J,N,KUNDER OVER 18 ÅR MED D-NUMMER     ,N,N,N,N,N,N,N,N,N,N,N
4519,65017655943,P,00102,Toini Christen                     ,Sakariassen                        ,N,N,N,J,N,KUNDER OVER 18 ÅR MED D-NUMMER     ,N,N,N,N,N,N,N,N,N,N,N
4519,53078307826,P,00900,Eduardo Raquel                     ,Sørland                            ,N,N,N,J,N,KUNDER OVER 18 ÅR MED D-NUMMER     ,N,N,N,N,N,N,N,N,N,N,N
4519,48126851939,P,01200,Wieslaw Silke                      ,Utvik                              ,N,N,N,J,N,KUNDER OVER 18 ÅR MED D-NUMMER     ,N,N,N,N,N,N,N,N,N,N,N
4519,54128155581,P,00900,Aigars Svanhild                    ,Lillebø                            ,N,N,N,J,N,KUNDER OVER 18 ÅR MED D-NUMMER     ,N,N,N,N,N,N,N,N,N,N,N
4519,59118102325,P,03300,Cindy Helmer                       ,Falck                              ,N,N,N,J,N,KUNDER OVER 18 ÅR MED D-NUMMER     ,N,N,N,N,N,N,N,N,N,N,N
4519,42056503042,P,00102,Tony Adele                         ,Mongstad                           ,N,N,N,J,N,KUNDER OVER 18 ÅR MED D-NUMMER     ,N,N,N,N,N,N,N,N,N,N,N
4519,57106556905,P,01200,Augusta Marc                       ,Nordmark                           ,N,N,N,J,N,KUNDER OVER 18 ÅR MED D-NUMMER     ,N,N,N,N,N,N,N,N,N,N,N
4519,58038977715,P,00102,Mattis Ann-Cathrin                 ,Sele                               ,N,N,N,J,N,KUNDER OVER 18 ÅR MED D-NUMMER     ,N,N,N,N,N,N,N,N,N,N,N
4519,56069375729,P,00800,Mehran Viviann                     ,Hernæs                             ,N,N,N,J,N,KUNDER OVER 18 ÅR MED D-NUMMER     ,N,N,N,N,N,N,N,N,N,N,N
4519,53098110778,P,01200,Nikita Virginia                    ,Lundh                              ,N,N,N,J,N,KUNDER OVER 18 ÅR MED D-NUMMER     ,N,N,N,N,N,N,N,N,N,N,N
4519,60026153762,P,00800,Juozas Wera                        ,Sørum                              ,N,N,N,J,N,KUNDER OVER 18 ÅR MED D-NUMMER     ,N,N,N,N,N,N,N,N,N,N,N
4519,56127902084,P,00900,Yassin Oddhild                     ,Raza                               ,N,N,N,J,N,KUNDER OVER 18 ÅR MED D-NUMMER     ,N,N,N,N,N,N,N,N,N,N,N
4519,50068658346,P,01200,Shahzad Helen                      ,Kim                                ,N,N,N,J,N,KUNDER OVER 18 ÅR MED D-NUMMER     ,N,N,N,N,N,N,N,N,N,N,N
4519,52047902746,P,01200,Kamil Gunbjørg                     ,Skaugen                            ,N,N,N,J,N,KUNDER OVER 18 ÅR MED D-NUMMER     ,N,N,N,N,N,N,N,N,N,N,N
4519,47059408492,P,00102,Kai Mina                           ,Lønning                            ,N,N,N,J,N,KUNDER OVER 18 ÅR MED D-NUMMER     ,N,N,N,N,N,N,N,N,N,N,N
4519,65037854667,P,01200,Ramunas Torill                     ,Lindahl                            ,N,N,N,J,N,KUNDER OVER 18 ÅR MED D-NUMMER     ,N,N,N,N,N,N,N,N,N,N,N
4519,65050057598,P,00102,Juan Karine                        ,Stavnes                            ,N,N,N,J,N,KUNDER OVER 18 ÅR MED D-NUMMER     ,N,N,N,N,N,N,N,N,N,N,N
4519,68088504929,P,00102,Annica Kenny                       ,Skaare                             ,N,N,N,J,N,KUNDER OVER 18 ÅR MED D-NUMMER     ,N,N,N,N,N,N,N,N,N,N,N
4519,53037602309,P,00800,Ådne Annlaug                       ,Nekstad                            ,N,N,N,J,N,KUNDER OVER 18 ÅR MED D-NUMMER     ,N,N,N,N,N,N,N,N,N,N,N
4519,62090305145,P,01200,Bereket Anne-May                   ,Myhra                              ,N,N,N,J,N,KUNDER OVER 18 ÅR MED D-NUMMER     ,N,N,N,N,N,N,N,N,N,N,N
4519,43038105095,P,00800,Thone Stig                         ,Storsveen                          ,N,N,N,J,N,KUNDER OVER 18 ÅR MED D-NUMMER     ,N,N,N,N,N,N,N,N,N,N,N
4519,47048752760,P,00102,Anastasia Boye                     ,Østlund                            ,N,N,N,J,N,KUNDER OVER 18 ÅR MED D-NUMMER     ,N,N,N,N,N,N,N,N,N,N,N
4519,67099000578,P,00102,Annelise Boye                      ,Rikardsen                          ,N,N,N,J,N,KUNDER OVER 18 ÅR MED D-NUMMER     ,N,N,N,N,N,N,N,N,N,N,N
4519,68017508044,P,00102,Gun Gheorghe                       ,Hegre                              ,N,N,N,J,N,KUNDER OVER 18 ÅR MED D-NUMMER     ,N,N,N,N,N,N,N,N,N,N,N
4519,63035353854,P,00900,Knud Elfrid                        ,Dirdal                             ,N,N,N,J,N,KUNDER OVER 18 ÅR MED D-NUMMER     ,N,N,N,N,N,N,N,N,N,N,N
4519,52069202241,P,00800,Mariell Mathis                     ,Hjelle                             ,N,N,N,J,N,KUNDER OVER 18 ÅR MED D-NUMMER     ,N,N,N,N,N,N,N,N,N,N,N
4519,63037457762,P,00900,Kristi Yosef                       ,Husby                              ,N,N,N,J,N,KUNDER OVER 18 ÅR MED D-NUMMER     ,N,N,N,N,N,N,N,N,N,N,N
4519,64089807849,P,00102,Bertha Donald                      ,Trydal                             ,N,N,N,J,N,KUNDER OVER 18 ÅR MED D-NUMMER     ,N,N,N,N,N,N,N,N,N,N,N
4519,50128400769,P,01200,Britha Julian                      ,Nordby                             ,N,N,N,J,N,KUNDER OVER 18 ÅR MED D-NUMMER     ,N,N,N,N,N,N,N,N,N,N,N
4519,48128404964,P,06008,Geir Leah                          ,Wu                                 ,N,N,N,J,N,KUNDER OVER 18 ÅR MED D-NUMMER     ,N,N,N,N,N,N,N,N,N,N,N
4519,66045776655,P,00900,Muna Gudbrand                      ,Klette                             ,N,J,N,J,N,KUNDER OVER 18 ÅR MED D-NUMMER     ,N,N,N,N,N,N,N,N,N,N,N
4519,67117108918,P,00102,Lajla Ted                          ,Utne                               ,N,N,N,J,N,KUNDER OVER 18 ÅR MED D-NUMMER     ,N,N,N,N,N,N,N,N,N,N,N
4519,44037078767,P,00900,Ravn Hana                          ,Leistad                            ,N,N,N,J,N,KUNDER OVER 18 ÅR MED D-NUMMER     ,N,N,N,N,N,N,N,N,N,N,N
4519,61048805328,P,00102,Tadeusz Sofia                      ,Guttormsen                         ,N,N,N,J,N,KUNDER OVER 18 ÅR MED D-NUMMER     ,N,N,N,N,N,N,N,N,N,N,N
4519,50058175592,P,00102,Zlatko Winnie                      ,Klingenberg                        ,N,N,N,J,N,KUNDER OVER 18 ÅR MED D-NUMMER     ,N,N,N,N,N,N,N,N,N,N,N
4519,41069504971,B,06008,Oskar Ulrike                       ,Olden                              ,N,N,N,J,N,KUNDER OVER 18 ÅR MED D-NUMMER     ,N,N,N,N,N,N,N,N,N,N,N
4519,58059406300,P,01200,Jocelyn Kian                       ,Saue                               ,N,J,N,J,N,KUNDER OVER 18 ÅR MED D-NUMMER     ,N,N,N,N,N,N,N,N,N,N,N
4519,59037204603,P,00102,Betzy Ole-Morten                   ,Molteberg                          ,N,N,N,J,N,KUNDER OVER 18 ÅR MED D-NUMMER     ,N,N,N,N,N,N,N,N,N,N,N
4519,44128956503,P,00800,Pablo Agata                        ,Anwar                              ,N,N,N,J,N,KUNDER OVER 18 ÅR MED D-NUMMER     ,N,N,N,N,N,N,N,N,N,N,N
4519,66076055808,P,00102,Mika Eilin                         ,Krogsæter                          ,N,N,N,J,N,KUNDER OVER 18 ÅR MED D-NUMMER     ,N,N,N,N,N,N,N,N,N,N,N
4519,63086875510,P,00102,Geir Leah                          ,Kroken                             ,N,N,N,J,N,KUNDER OVER 18 ÅR MED D-NUMMER     ,N,N,N,N,N,N,N,N,N,N,N
4519,58078903986,P,00800,Berge Wanda                        ,Nergaard                           ,N,N,N,J,N,KUNDER OVER 18 ÅR MED D-NUMMER     ,N,N,N,N,N,N,N,N,N,N,N
4519,56126653749,P,00800,Darius Aino                        ,Fagereng                           ,N,N,N,J,N,KUNDER OVER 18 ÅR MED D-NUMMER     ,N,N,N,N,N,N,N,N,N,N,N
4519,56127254597,P,00102,Abdirashid Andreea                 ,Rusten                             ,N,N,N,J,N,KUNDER OVER 18 ÅR MED D-NUMMER     ,N,N,N,N,N,N,N,N,N,N,N
4519,54118105306,P,00102,Curt Ann-Charlott                  ,Haugseth                           ,N,N,N,J,N,KUNDER OVER 18 ÅR MED D-NUMMER     ,N,N,N,N,N,N,N,N,N,N,N
4519,47068105788,P,00102,Thao Ireneusz                      ,Thorvaldsen                        ,N,N,N,J,N,KUNDER OVER 18 ÅR MED D-NUMMER     ,N,N,N,N,N,N,N,N,N,N,N
4519,63080206048,P,00800,Oscar Zuzanna                      ,Olsson                             ,N,N,N,J,N,KUNDER OVER 18 ÅR MED D-NUMMER     ,N,N,N,N,N,N,N,N,N,N,N
4519,59118007381,P,00102,Siren Kamran                       ,Parveen                            ,N,N,N,J,N,KUNDER OVER 18 ÅR MED D-NUMMER     ,N,N,N,N,N,N,N,N,N,N,N
4519,67028606114,P,00800,Kristofer Mie                      ,Evensen                            ,N,N,N,J,N,KUNDER OVER 18 ÅR MED D-NUMMER     ,N,N,N,N,N,N,N,N,N,N,N
4519,44028351906,P,00102,Uno Hana                           ,Christensen                        ,N,N,N,J,N,KUNDER OVER 18 ÅR MED D-NUMMER     ,N,N,N,N,N,N,N,N,N,N,N
4519,47016200715,P,00800,Frederick Alena                    ,Otnes                              ,N,N,N,J,N,KUNDER OVER 18 ÅR MED D-NUMMER     ,N,N,N,N,N,N,N,N,N,N,N
4519,61059900047,P,00800,Irja Thom                          ,Hussein                            ,N,N,N,J,N,KUNDER OVER 18 ÅR MED D-NUMMER     ,N,N,N,N,N,N,N,N,N,N,N
4519,52017315951,P,01200,Kristianne Herbert                 ,Karimi                             ,N,N,N,N,N,KUNDER OVER 18 ÅR MED D-NUMMER     ,N,N,N,N,N,N,N,N,N,N,N
4519,63096950367,P,00800,Thorbjørn Thorhild                 ,Stigen                             ,N,N,N,J,N,KUNDER OVER 18 ÅR MED D-NUMMER     ,N,N,N,N,N,N,N,N,N,N,N
4519,55098708994,P,00102,Odny Thorolf                       ,Rikardsen                          ,N,N,N,J,N,KUNDER OVER 18 ÅR MED D-NUMMER     ,N,N,N,N,N,N,N,N,N,N,N
4519,50096002146,P,00102,Glen Myrna                         ,Bolstad                            ,N,N,N,J,N,KUNDER OVER 18 ÅR MED D-NUMMER     ,N,N,N,N,N,N,N,N,N,N,N
4519,61026403730,P,01200,Eduardo Annicken                   ,Engebakken                         ,N,N,N,J,N,KUNDER OVER 18 ÅR MED D-NUMMER     ,N,N,N,N,N,N,N,N,N,N,N
4519,47119275411,P,00102,Thuy Akram                         ,Tharaldsen                         ,N,N,N,J,N,KUNDER OVER 18 ÅR MED D-NUMMER     ,N,N,N,N,N,N,N,N,N,N,N
4519,41069377864,P,00102,Borger Emily                       ,Hinna                              ,N,N,N,J,N,KUNDER OVER 18 ÅR MED D-NUMMER     ,N,N,N,N,N,N,N,N,N,N,N
4519,52115677489,P,00102,Claudia Audun                      ,Grude                              ,N,N,N,J,N,KUNDER OVER 18 ÅR MED D-NUMMER     ,N,N,N,N,N,N,N,N,N,N,N
4519,55026478056,P,00102,Alicia Kato                        ,Sandnes                            ,N,N,N,J,N,KUNDER OVER 18 ÅR MED D-NUMMER     ,N,N,N,N,N,N,N,N,N,N,N
4519,59057876225,P,00102,Torgny Magda                       ,Kjærstad                           ,N,N,N,J,N,KUNDER OVER 18 ÅR MED D-NUMMER     ,N,N,N,N,N,N,N,N,N,N,N
4519,68048351127,P,00800,Ernestas Liza                      ,Nazari                             ,N,N,N,J,N,KUNDER OVER 18 ÅR MED D-NUMMER     ,N,N,N,N,N,N,N,N,N,N,N
4519,66045754104,P,00102,Van Rytis                          ,Jøssang                            ,N,N,N,J,N,KUNDER OVER 18 ÅR MED D-NUMMER     ,N,N,N,N,N,N,N,N,N,N,N
4519,64037206529,P,00102,Isabel Albin                       ,Slinning                           ,N,N,N,J,N,KUNDER OVER 18 ÅR MED D-NUMMER     ,N,N,N,N,N,N,N,N,N,N,N
4519,68056905921,P,00800,Steven Aasta                       ,Bergstrøm                          ,N,N,N,J,N,KUNDER OVER 18 ÅR MED D-NUMMER     ,N,N,N,N,N,N,N,N,N,N,N
4519,68116107116,P,00102,Daisy Berhane                      ,Moa                                ,N,N,N,J,N,KUNDER OVER 18 ÅR MED D-NUMMER     ,N,N,N,N,N,N,N,N,N,N,N
4519,56109805772,P,00800,Kjersti Evert                      ,Helland                            ,N,N,N,J,N,KUNDER OVER 18 ÅR MED D-NUMMER     ,N,N,N,N,N,N,N,N,N,N,N
4519,47037905999,P,00102,Ariane Steingrim                   ,Melhus                             ,N,N,N,J,N,KUNDER OVER 18 ÅR MED D-NUMMER     ,N,N,N,N,N,N,N,N,N,N,N
4519,67119300468,P,00900,Asmund Teresa                      ,Vedøy                              ,N,N,N,J,N,KUNDER OVER 18 ÅR MED D-NUMMER     ,N,N,N,N,N,N,N,N,N,N,N
4519,68107204532,P,00102,Youssef Mariam                     ,Askeland                           ,N,N,N,J,N,KUNDER OVER 18 ÅR MED D-NUMMER     ,N,N,N,N,N,N,N,N,N,N,N
4519,63026709360,P,00800,Esther Sylwester                   ,Fagerheim                          ,N,N,N,J,N,KUNDER OVER 18 ÅR MED D-NUMMER     ,N,N,N,N,N,N,N,N,N,N,N
4519,53066518597,P,01200,Raimondas Mie                      ,Westerlund                         ,N,N,N,J,N,KUNDER OVER 18 ÅR MED D-NUMMER     ,N,N,N,N,N,N,N,N,N,N,N
4519,46018076772,P,01200,Olle Arnlaug                       ,Eriksson                           ,J,N,N,J,N,KUNDER OVER 18 ÅR MED D-NUMMER     ,N,N,N,N,N,N,N,N,N,N,N
4519,68048005415,P,01200,Edgar Tine                         ,Jonassen                           ,N,N,N,J,N,KUNDER OVER 18 ÅR MED D-NUMMER     ,N,N,N,N,N,N,N,N,N,N,N
4519,51068657591,P,00102,Kristine Irfan                     ,Mahamed                            ,N,N,N,J,N,KUNDER OVER 18 ÅR MED D-NUMMER     ,N,N,N,N,N,N,N,N,N,N,N
4519,48078276137,P,00102,Ingelin Styrk                      ,Hammerstad                         ,N,N,N,J,N,KUNDER OVER 18 ÅR MED D-NUMMER     ,N,N,N,N,N,N,N,N,N,N,N
4519,41116457782,P,00800,Hermine Duc                        ,Wagner                             ,J,N,N,J,N,KUNDER OVER 18 ÅR MED D-NUMMER     ,N,N,N,N,N,N,N,N,N,N,N
4519,44099401033,P,00900,Guro Thorgeir                      ,Osmundsen                          ,N,N,N,J,N,KUNDER OVER 18 ÅR MED D-NUMMER     ,N,N,N,N,N,N,N,N,N,N,N
4519,64059407633,P,00102,Pablo Jeanne                       ,Harsvik                            ,N,N,N,J,N,KUNDER OVER 18 ÅR MED D-NUMMER     ,N,N,N,N,N,N,N,N,N,N,N
4519,53066555743,P,00800,Trudi Tord                         ,Bugten                             ,N,N,N,J,N,KUNDER OVER 18 ÅR MED D-NUMMER     ,N,N,N,N,N,N,N,N,N,N,N
4519,44117078644,P,01200,Karsten Enya                       ,Waage                              ,N,N,N,J,N,KUNDER OVER 18 ÅR MED D-NUMMER     ,N,N,N,N,N,N,N,N,N,N,N
4519,49085955399,P,01200,Emilio Sigita                      ,Ryen                               ,N,N,N,J,N,KUNDER OVER 18 ÅR MED D-NUMMER     ,N,N,N,N,N,N,N,N,N,N,N
4519,56047554581,P,00102,Telma Istvan                       ,Singstad                           ,N,N,N,J,N,KUNDER OVER 18 ÅR MED D-NUMMER     ,N,N,N,N,N,N,N,N,N,N,N
4519,60099606048,P,00102,Franz Ulrika                       ,Thomas                             ,N,N,N,J,N,KUNDER OVER 18 ÅR MED D-NUMMER     ,N,N,N,N,N,N,N,N,N,N,N
